converted_country_name,discipline_title,medal_type,medal_count
United States,Athletics,GOLD,288
United States,Athletics,SILVER,255
United States,Athletics,BRONZE,209
United States,Swimming,GOLD,187
United States,Swimming,SILVER,162
United States,Swimming,BRONZE,135
Russia,Wrestling,GOLD,97
Russia,Athletics,BRONZE,88
Germany,Athletics,BRONZE,85
Germany,Athletics,SILVER,84
Russia,Athletics,GOLD,81
Russia,Gymnastics Artistic,SILVER,71
United Kingdom,Athletics,SILVER,70
Russia,Athletics,SILVER,69
Russia,Gymnastics Artistic,GOLD,68
Germany,Athletics,GOLD,67
Russia,Gymnastics Artistic,BRONZE,59
Australia,Swimming,GOLD,56
Australia,Swimming,BRONZE,56
United States,Wrestling,GOLD,55
Germany,Swimming,BRONZE,53
United Kingdom,Athletics,BRONZE,53
Australia,Swimming,SILVER,51
United Kingdom,Athletics,GOLD,50
Germany,Swimming,GOLD,50
United States,Boxing,GOLD,50
Japan,Judo,GOLD,48
United States,Diving,GOLD,48
Netherlands,Speed skating,GOLD,46
Russia,Wrestling,SILVER,45
Finland,Athletics,GOLD,45
Austria,Alpine Skiing,SILVER,44
United States,Wrestling,SILVER,44
Austria,Alpine Skiing,BRONZE,44
Netherlands,Speed skating,SILVER,44
Russia,Weightlifting,GOLD,43
United States,Diving,BRONZE,43
United States,Shooting,GOLD,42
Russia,Wrestling,BRONZE,41
Germany,Swimming,SILVER,41
Kenya,Athletics,SILVER,41
Cuba,Boxing,GOLD,41
United States,Diving,SILVER,40
United States,Boxing,BRONZE,40
Norway,Cross Country Skiing,GOLD,39
Austria,Alpine Skiing,GOLD,39
United States,Wrestling,BRONZE,39
Netherlands,Speed skating,BRONZE,39
China,Weightlifting,GOLD,38
Japan,Wrestling,GOLD,37
Russia,Boxing,BRONZE,37
United States,Gymnastics Artistic,SILVER,37
Sweden,Athletics,BRONZE,37
Finland,Athletics,SILVER,35
Kenya,Athletics,GOLD,34
Bulgaria,Wrestling,SILVER,32
Russia,Shooting,SILVER,32
United States,Gymnastics Artistic,GOLD,32
United States,Gymnastics Artistic,BRONZE,32
Sweden,Wrestling,BRONZE,31
Russia,Cross Country Skiing,GOLD,31
Russia,Shooting,BRONZE,31
Norway,Speed skating,BRONZE,30
France,Fencing,SILVER,30
Kenya,Athletics,BRONZE,30
Japan,Gymnastics Artistic,SILVER,30
Japan,Gymnastics Artistic,BRONZE,30
Russia,Cross Country Skiing,SILVER,30
Norway,Cross Country Skiing,BRONZE,30
United States,Speed skating,GOLD,30
Finland,Athletics,BRONZE,30
Türkiye,Wrestling,GOLD,29
Norway,Speed skating,SILVER,29
United States,Shooting,SILVER,29
Finland,Wrestling,BRONZE,29
China,Diving,GOLD,29
Russia,Cross Country Skiing,BRONZE,29
Russia,Weightlifting,SILVER,28
Australia,Athletics,BRONZE,28
Sweden,Wrestling,GOLD,28
Finland,Wrestling,SILVER,28
Russia,Swimming,BRONZE,28
Germany,Speed skating,SILVER,28
Norway,Cross Country Skiing,SILVER,28
Poland,Athletics,GOLD,28
France,Judo,BRONZE,28
Switzerland,Alpine Skiing,GOLD,27
United Kingdom,Boxing,BRONZE,27
Italy,Fencing,GOLD,27
Japan,Judo,BRONZE,27
Norway,Speed skating,GOLD,27
Russia,Speed skating,GOLD,27
United States,Boxing,SILVER,27
Sweden,Wrestling,SILVER,27
Germany,Luge,GOLD,27
Hungary,Swimming,GOLD,27
Canada,Athletics,BRONZE,26
Russia,Shooting,GOLD,26
Finland,Wrestling,GOLD,26
Jamaica,Athletics,SILVER,26
Poland,Boxing,BRONZE,26
China,Shooting,BRONZE,25
China,Shooting,GOLD,25
Switzerland,Alpine Skiing,BRONZE,25
Russia,Boxing,GOLD,25
Germany,Wrestling,SILVER,25
Russia,Boxing,SILVER,25
Japan,Swimming,BRONZE,25
Finland,Cross Country Skiing,BRONZE,25
Japan,Gymnastics Artistic,GOLD,24
Hungary,Swimming,SILVER,24
United Kingdom,Swimming,BRONZE,24
Germany,Gymnastics Artistic,BRONZE,24
Germany,Judo,BRONZE,24
Russia,Speed skating,BRONZE,24
Australia,Athletics,SILVER,24
Hungary,Fencing,GOLD,24
Bulgaria,Wrestling,BRONZE,23
Switzerland,Alpine Skiing,SILVER,23
Ethiopia,Athletics,GOLD,23
Germany,Speed skating,GOLD,23
Poland,Weightlifting,BRONZE,23
United States,Shooting,BRONZE,23
United Kingdom,Cycling Track,GOLD,23
Italy,Athletics,GOLD,23
Russia,Swimming,SILVER,23
Italy,Fencing,SILVER,23
Jamaica,Athletics,GOLD,23
Germany,Boxing,BRONZE,23
Russia,Judo,BRONZE,23
Japan,Swimming,SILVER,23
France,Fencing,BRONZE,23
France,Fencing,GOLD,23
Germany,Luge,SILVER,23
Italy,Athletics,BRONZE,23
France,Athletics,SILVER,23
Japan,Wrestling,SILVER,22
Sweden,Cross Country Skiing,GOLD,22
Ethiopia,Athletics,BRONZE,22
China,Gymnastics Artistic,GOLD,22
Romania,Gymnastics Artistic,GOLD,22
Japan,Swimming,GOLD,22
United Kingdom,Swimming,SILVER,22
Germany,Gymnastics Artistic,SILVER,22
Italy,Fencing,BRONZE,22
Russia,Speed skating,SILVER,22
Sweden,Cross Country Skiing,SILVER,21
Finland,Cross Country Skiing,SILVER,21
United States,Alpine Skiing,SILVER,21
Jamaica,Athletics,BRONZE,21
Iran,Wrestling,BRONZE,21
United States,Speed skating,SILVER,21
Germany,Shooting,SILVER,21
China,Diving,SILVER,21
Germany,Biathlon,SILVER,20
Australia,Athletics,GOLD,20
France,Athletics,BRONZE,20
Japan,Judo,SILVER,20
United Kingdom,Boxing,GOLD,20
Romania,Gymnastics Artistic,BRONZE,20
France,Cycling Track,GOLD,20
Sweden,Athletics,GOLD,20
Germany,Wrestling,BRONZE,20
Hungary,Wrestling,GOLD,20
Sweden,Athletics,SILVER,19
United Kingdom,Sailing,GOLD,19
Hungary,Wrestling,BRONZE,19
Türkiye,Wrestling,BRONZE,19
Germany,Speed skating,BRONZE,19
Romania,Wrestling,BRONZE,19
Cuba,Boxing,SILVER,19
Germany,Luge,BRONZE,19
United States,Speed skating,BRONZE,19
Italy,Boxing,BRONZE,18
Hungary,Swimming,BRONZE,18
Türkiye,Wrestling,SILVER,18
Norway,Biathlon,GOLD,18
Germany,Biathlon,GOLD,18
Cuba,Boxing,BRONZE,18
Germany,Shooting,GOLD,18
Germany,Weightlifting,BRONZE,18
South Korea,Judo,BRONZE,18
Netherlands,Judo,BRONZE,18
France,Alpine Skiing,BRONZE,18
Russia,Fencing,BRONZE,17
Hungary,Fencing,BRONZE,17
Japan,Wrestling,BRONZE,17
Netherlands,Swimming,GOLD,17
Russia,Swimming,GOLD,17
Bulgaria,Weightlifting,SILVER,17
Hungary,Wrestling,SILVER,17
Germany,Alpine Skiing,GOLD,17
France,Alpine Skiing,SILVER,17
Cuba,Athletics,BRONZE,17
Finland,Cross Country Skiing,GOLD,17
South Korea,Judo,SILVER,17
Brazil,Judo,BRONZE,17
United States,Snowboard,GOLD,17
Sweden,Cross Country Skiing,BRONZE,17
United States,Alpine Skiing,GOLD,17
United States,Weightlifting,SILVER,17
Cuba,Judo,BRONZE,16
United Kingdom,Swimming,GOLD,16
Hungary,Athletics,BRONZE,16
Norway,Sailing,GOLD,16
Sweden,Shooting,SILVER,16
Bulgaria,Wrestling,GOLD,16
United Kingdom,Cycling Track,SILVER,16
France,Swimming,BRONZE,16
United States,Figure skating,GOLD,16
Poland,Athletics,SILVER,16
China,Weightlifting,SILVER,16
France,Alpine Skiing,GOLD,16
Poland,Athletics,BRONZE,16
South Korea,Short Track Speed Skating,GOLD,16
China,Swimming,SILVER,16
United States,Weightlifting,GOLD,16
China,Shooting,SILVER,16
Canada,Speed skating,BRONZE,16
Switzerland,Gymnastics Artistic,SILVER,16
Italy,Shooting,SILVER,16
Canada,Swimming,BRONZE,16
Germany,Gymnastics Artistic,GOLD,16
Italy,Shooting,GOLD,16
Romania,Gymnastics Artistic,SILVER,16
France,Cycling Track,SILVER,16
Czechia,Athletics,GOLD,16
Australia,Cycling Track,SILVER,15
France,Sailing,BRONZE,15
Switzerland,Gymnastics Artistic,GOLD,15
United States,Figure skating,BRONZE,15
Italy,Boxing,SILVER,15
Italy,Boxing,GOLD,15
Romania,Boxing,BRONZE,15
China,Gymnastics Artistic,SILVER,15
Germany,Cycling Track,BRONZE,15
China,Swimming,GOLD,15
United Kingdom,Boxing,SILVER,15
France,Judo,GOLD,15
China,Table Tennis,GOLD,15
China,Athletics,BRONZE,15
Cuba,Judo,SILVER,15
Iran,Wrestling,SILVER,15
Hungary,Fencing,SILVER,15
United Kingdom,Shooting,BRONZE,15
Canada,Swimming,SILVER,14
Italy,Alpine Skiing,GOLD,14
China,Table Tennis,SILVER,14
Romania,Athletics,SILVER,14
China,Gymnastics Artistic,BRONZE,14
Canada,Speed skating,SILVER,14
Germany,Boxing,SILVER,14
Italy,Athletics,SILVER,14
Norway,Biathlon,BRONZE,14
Germany,Alpine Skiing,SILVER,14
Canada,Athletics,SILVER,14
Norway,Alpine Skiing,SILVER,14
Hungary,Gymnastics Artistic,GOLD,14
Norway,Alpine Skiing,BRONZE,14
Canada,Athletics,GOLD,14
South Korea,Wrestling,BRONZE,14
Netherlands,Swimming,BRONZE,14
New Zealand,Athletics,BRONZE,13
United States,Freestyle Skiing,SILVER,13
Azerbaijan,Wrestling,BRONZE,13
Russia,Fencing,SILVER,13
France,Swimming,SILVER,13
Italy,Swimming,BRONZE,13
Sweden,Shooting,BRONZE,13
Germany,Shooting,BRONZE,13
France,Judo,SILVER,13
Hungary,Canoe Sprint,GOLD,13
Germany,Canoe Sprint,GOLD,13
United States,Archery,GOLD,13
France,Cycling Track,BRONZE,13
Australia,Cycling Track,BRONZE,13
Russia,Fencing,GOLD,13
Netherlands,Cycling Track,SILVER,13
France,Athletics,GOLD,13
Switzerland,Gymnastics Artistic,BRONZE,13
Italy,Cycling Track,GOLD,13
Sweden,Swimming,SILVER,13
Germany,Weightlifting,SILVER,13
Czechia,Athletics,BRONZE,13
Finland,Boxing,BRONZE,13
Germany,Biathlon,BRONZE,13
Poland,Wrestling,BRONZE,13
United States,Figure skating,SILVER,12
China,Short Track Speed Skating,SILVER,12
Canada,Freestyle Skiing,GOLD,12
Hungary,Athletics,SILVER,12
China,Athletics,SILVER,12
Netherlands,Swimming,SILVER,12
South Korea,Short Track Speed Skating,SILVER,12
Hungary,Canoe Sprint,SILVER,12
Canada,Freestyle Skiing,SILVER,12
China,Badminton,GOLD,12
Germany,Rowing,BRONZE,12
United States,Rowing,SILVER,12
United States,Sailing,BRONZE,12
Germany,Cycling Track,GOLD,12
South Korea,Taekwondo,GOLD,12
Bulgaria,Weightlifting,GOLD,12
Greece,Athletics,SILVER,12
Norway,Biathlon,SILVER,12
United Kingdom,Judo,BRONZE,12
United States,Cycling Track,BRONZE,12
United States,Cycling Track,SILVER,12
Ethiopia,Athletics,SILVER,12
Russia,Biathlon,BRONZE,12
France,Sailing,GOLD,12
South Africa,Athletics,SILVER,12
Russia,Figure skating,SILVER,12
Norway,Nordic Combined,GOLD,12
South Korea,Judo,GOLD,11
China,Judo,BRONZE,11
South Korea,Wrestling,GOLD,11
Romania,Athletics,GOLD,11
Italy,Alpine Skiing,SILVER,11
Germany,Boxing,GOLD,11
United States,Cycling Track,GOLD,11
Ukraine,Athletics,BRONZE,11
Russia,Figure skating,GOLD,11
Italy,Shooting,BRONZE,11
Japan,Speed skating,BRONZE,11
United States,Freestyle Skiing,GOLD,11
Kazakhstan,Wrestling,BRONZE,11
Germany,Fencing,SILVER,11
Cuba,Athletics,GOLD,11
Italy,Cross Country Skiing,SILVER,11
Cuba,Athletics,SILVER,11
Denmark,Shooting,SILVER,11
United States,Weightlifting,BRONZE,11
Russia,Diving,BRONZE,11
Germany,Cycling Track,SILVER,11
Czechia,Gymnastics Artistic,GOLD,11
Iran,Wrestling,GOLD,11
Italy,Alpine Skiing,BRONZE,11
South Korea,Archery,GOLD,11
Russia,Canoe Sprint,GOLD,11
Italy,Wrestling,BRONZE,11
Germany,Nordic Combined,GOLD,11
South Korea,Wrestling,SILVER,11
Cuba,Wrestling,GOLD,11
Norway,Ski Jumping,BRONZE,11
Norway,Ski Jumping,GOLD,11
United Kingdom,Tennis,GOLD,11
Czechia,Athletics,SILVER,11
Norway,Alpine Skiing,GOLD,11
Germany,Diving,BRONZE,11
Germany,Canoe Sprint,BRONZE,11
France,Biathlon,GOLD,11
Japan,Weightlifting,BRONZE,10
Sweden,Sailing,BRONZE,10
Germany,Judo,SILVER,10
Germany,Alpine Skiing,BRONZE,10
Hungary,Boxing,GOLD,10
Italy,Gymnastics Artistic,GOLD,10
China,Athletics,GOLD,10
Japan,Athletics,BRONZE,10
Argentina,Boxing,BRONZE,10
United Kingdom,Shooting,SILVER,10
Hungary,Athletics,GOLD,10
Sweden,Shooting,GOLD,10
Kazakhstan,Boxing,BRONZE,10
Cuba,Wrestling,BRONZE,10
Georgia,Wrestling,BRONZE,10
United States,Sailing,SILVER,10
South Korea,Boxing,BRONZE,10
United Kingdom,Sailing,SILVER,10
Norway,Ski Jumping,SILVER,10
Greece,Athletics,BRONZE,10
France,Sailing,SILVER,10
Russia,Judo,GOLD,10
United States,Alpine Skiing,BRONZE,10
France,Boxing,BRONZE,10
United Kingdom,Wrestling,BRONZE,10
Romania,Athletics,BRONZE,10
China,Short Track Speed Skating,GOLD,10
France,Wrestling,BRONZE,10
New Zealand,Athletics,GOLD,10
Ireland,Boxing,BRONZE,10
Germany,Canoe Sprint,SILVER,10
United States,Snowboard,BRONZE,10
Belgium,Judo,BRONZE,10
Hungary,Canoe Sprint,BRONZE,10
Norway,Shooting,BRONZE,10
Unified Team,Athletics,SILVER,10
Canada,Swimming,GOLD,9
Russia,Judo,SILVER,9
United Kingdom,Shooting,GOLD,9
Germany,Equestrian Dressage,SILVER,9
Russia,Canoe Sprint,SILVER,9
Romania,Boxing,SILVER,9
Germany,Weightlifting,GOLD,9
Canada,Short Track Speed Skating,BRONZE,9
Germany,Wrestling,GOLD,9
Czechia,Gymnastics Artistic,BRONZE,9
Russia,Biathlon,GOLD,9
Italy,Judo,BRONZE,9
France,Gymnastics Artistic,SILVER,9
United Kingdom,Tennis,BRONZE,9
South Africa,Athletics,GOLD,9
South Africa,Boxing,BRONZE,9
Finland,Speed skating,BRONZE,9
Poland,Wrestling,SILVER,9
Germany,Canoe Slalom,BRONZE,9
Netherlands,Cycling Track,GOLD,9
Sweden,Modern Pentathlon,GOLD,9
United States,Fencing,BRONZE,9
Sweden,Alpine Skiing,BRONZE,9
Poland,Boxing,SILVER,9
China,Badminton,BRONZE,9
France,Weightlifting,GOLD,9
South Korea,Speed skating,SILVER,9
Bulgaria,Boxing,BRONZE,9
United Kingdom,Cycling Track,BRONZE,9
France,Shooting,GOLD,9
Hungary,Weightlifting,SILVER,9
France,Archery,SILVER,9
China,Swimming,BRONZE,9
South Korea,Short Track Speed Skating,BRONZE,9
France,Shooting,SILVER,9
Norway,Shooting,GOLD,9
South Korea,Shooting,SILVER,9
Norway,Nordic Combined,SILVER,9
United States,Freestyle Skiing,BRONZE,9
Italy,Cross Country Skiing,BRONZE,9
Hungary,Weightlifting,BRONZE,9
Sweden,Speed skating,GOLD,9
United States,Tennis,BRONZE,9
Norway,Athletics,GOLD,9
Japan,Athletics,SILVER,9
China,Diving,BRONZE,9
Sweden,Swimming,GOLD,9
Russia,Weightlifting,BRONZE,9
France,Boxing,SILVER,9
Sweden,Swimming,BRONZE,9
United States,Tennis,GOLD,9
Germany,Diving,SILVER,9
Sweden,Sailing,SILVER,9
Hungary,Gymnastics Artistic,BRONZE,9
Greece,Athletics,GOLD,8
Switzerland,Snowboard,GOLD,8
Sweden,Diving,SILVER,8
Uzbekistan,Boxing,BRONZE,8
China,Badminton,SILVER,8
Germany,Rowing,GOLD,8
Netherlands,Athletics,BRONZE,8
Russia,Canoe Sprint,BRONZE,8
Finland,Ski Jumping,GOLD,8
United States,Snowboard,SILVER,8
Germany,Nordic Combined,BRONZE,8
Sweden,Alpine Skiing,GOLD,8
China,Judo,GOLD,8
Germany,Fencing,GOLD,8
Finland,Speed skating,SILVER,8
Morocco,Athletics,BRONZE,8
China,Weightlifting,BRONZE,8
China,Wrestling,BRONZE,8
China,Freestyle Skiing,SILVER,8
Netherlands,Cycling Road,GOLD,8
Germany,Cycling Road,SILVER,8
Germany,Ski Jumping,SILVER,8
Mexico,Boxing,BRONZE,8
Romania,Wrestling,SILVER,8
Azerbaijan,Boxing,BRONZE,8
Germany,Equestrian Dressage,BRONZE,8
Norway,Sailing,SILVER,8
Canada,Figure skating,BRONZE,8
Hungary,Boxing,BRONZE,8
Czechia,Gymnastics Artistic,SILVER,8
United States,Sailing,GOLD,8
Canada,Canoe Sprint,SILVER,8
Spain,Athletics,BRONZE,8
South Korea,Archery,SILVER,8
Austria,Luge,SILVER,8
Türkiye,Weightlifting,GOLD,8
Ukraine,Wrestling,BRONZE,8
Bulgaria,Athletics,SILVER,8
Indonesia,Weightlifting,BRONZE,8
Norway,Athletics,BRONZE,8
Czechia,Wrestling,BRONZE,8
Russia,Freestyle Skiing,BRONZE,8
United States,Judo,BRONZE,8
Bulgaria,Weightlifting,BRONZE,8
United Kingdom,Judo,SILVER,8
Austria,Ski Jumping,BRONZE,8
Poland,Boxing,GOLD,8
Canada,Figure skating,SILVER,8
North Korea,Weightlifting,SILVER,8
Germany,Canoe Slalom,GOLD,8
Azerbaijan,Wrestling,SILVER,8
France,Gymnastics Artistic,BRONZE,8
United States,Fencing,SILVER,8
Brazil,Athletics,BRONZE,8
Japan,Speed skating,SILVER,8
Canada,Speed skating,GOLD,8
Iran,Weightlifting,GOLD,8
Brazil,Swimming,BRONZE,8
Austria,Ski Jumping,SILVER,8
Italy,Gymnastics Artistic,BRONZE,8
Norway,Nordic Combined,BRONZE,8
France,Biathlon,SILVER,7
Morocco,Athletics,GOLD,7
Denmark,Sailing,GOLD,7
Finland,Gymnastics Artistic,GOLD,7
Finland,Gymnastics Artistic,BRONZE,7
Austria,Figure skating,SILVER,7
China,Table Tennis,BRONZE,7
South Korea,Boxing,SILVER,7
Austria,Luge,BRONZE,7
United Kingdom,Diving,BRONZE,7
Austria,Nordic Combined,BRONZE,7
China,Taekwondo,GOLD,7
Romania,Canoe Sprint,BRONZE,7
Denmark,Sailing,SILVER,7
New Zealand,Canoe Sprint,GOLD,7
Germany,Equestrian Dressage,GOLD,7
United States,Archery,SILVER,7
Sweden,Diving,BRONZE,7
United States,Archery,BRONZE,7
Italy,Wrestling,GOLD,7
Belarus,Athletics,BRONZE,7
Finland,Speed skating,GOLD,7
United Kingdom,Tennis,SILVER,7
Mexico,Diving,BRONZE,7
South Africa,Swimming,SILVER,7
Argentina,Boxing,GOLD,7
United Kingdom,Sailing,BRONZE,7
Japan,Athletics,GOLD,7
Russia,Gymnastics Rhythmic,GOLD,7
Belarus,Wrestling,BRONZE,7
Belarus,Wrestling,SILVER,7
Argentina,Boxing,SILVER,7
United States,Equestrian Eventing,SILVER,7
Finland,Nordic Combined,SILVER,7
Germany,Diving,GOLD,7
Italy,Cross Country Skiing,GOLD,7
Belgium,Archery,GOLD,7
South Korea,Shooting,GOLD,7
Netherlands,Athletics,GOLD,7
Netherlands,Sailing,SILVER,7
Hungary,Shooting,BRONZE,7
Netherlands,Cycling Track,BRONZE,7
Canada,Alpine Skiing,BRONZE,7
Hungary,Gymnastics Artistic,SILVER,7
Denmark,Cycling Track,BRONZE,7
Canada,Boxing,SILVER,7
Trinidad and Tobago,Athletics,BRONZE,7
Thailand,Weightlifting,BRONZE,7
Thailand,Boxing,BRONZE,7
Greece,Wrestling,BRONZE,7
Ukraine,Boxing,BRONZE,7
Netherlands,Sailing,GOLD,7
Spain,Canoe Sprint,SILVER,7
Netherlands,Sailing,BRONZE,7
Switzerland,Wrestling,BRONZE,7
Switzerland,Shooting,BRONZE,7
Canada,Snowboard,BRONZE,7
Canada,Wrestling,SILVER,7
Canada,Wrestling,BRONZE,7
Russia,Cycling Track,BRONZE,7
Hungary,Shooting,GOLD,7
Italy,Weightlifting,BRONZE,7
Indonesia,Weightlifting,SILVER,7
Czechia,Shooting,SILVER,7
France,Swimming,GOLD,7
Unified Team,Gymnastics Artistic,GOLD,7
France,Archery,GOLD,7
Iran,Weightlifting,SILVER,7
Kazakhstan,Boxing,SILVER,7
Kazakhstan,Boxing,GOLD,7
Czechia,Wrestling,SILVER,7
South Korea,Taekwondo,BRONZE,7
Canada,Boxing,BRONZE,7
Czechia,Shooting,GOLD,7
Romania,Wrestling,GOLD,7
Bulgaria,Shooting,SILVER,7
South Korea,Fencing,BRONZE,6
France,Shooting,BRONZE,6
South Africa,Athletics,BRONZE,6
Denmark,Wrestling,BRONZE,6
France,Freestyle Skiing,SILVER,6
France,Freestyle Skiing,BRONZE,6
Denmark,Swimming,BRONZE,6
Denmark,Boxing,BRONZE,6
Russia,Cycling Road,BRONZE,6
Cuba,Judo,GOLD,6
Germany,Cross Country Skiing,SILVER,6
Finland,Ski Jumping,SILVER,6
Egypt,Weightlifting,BRONZE,6
Georgia,Wrestling,SILVER,6
South Africa,Boxing,GOLD,6
France,Canoe Slalom,GOLD,6
Finland,Shooting,SILVER,6
South Korea,Weightlifting,SILVER,6
South Africa,Swimming,GOLD,6
France,Boxing,GOLD,6
Finland,Shooting,BRONZE,6
South Korea,Weightlifting,BRONZE,6
South Korea,Archery,BRONZE,6
Russia,Diving,GOLD,6
Czechia,Shooting,BRONZE,6
Sweden,Boxing,BRONZE,6
Cuba,Wrestling,SILVER,6
Russia,Diving,SILVER,6
Sweden,Biathlon,SILVER,6
France,Biathlon,BRONZE,6
Liechtenstein,Alpine Skiing,BRONZE,6
United Kingdom,Gymnastics Artistic,BRONZE,6
United Kingdom,Rowing,GOLD,6
China,Boxing,BRONZE,6
Bulgaria,Athletics,BRONZE,6
Australia,Cycling Track,GOLD,6
Canada,Canoe Sprint,BRONZE,6
Norway,Athletics,SILVER,6
Switzerland,Freestyle Skiing,GOLD,6
Italy,Cycling Road,GOLD,6
Switzerland,Shooting,SILVER,6
Romania,Shooting,GOLD,6
Italy,Cycling Track,SILVER,6
United States,Rowing,GOLD,6
Belgium,Athletics,GOLD,6
Belgium,Archery,SILVER,6
Indonesia,Badminton,GOLD,6
Ukraine,Wrestling,SILVER,6
Indonesia,Badminton,BRONZE,6
United Kingdom,Rowing,SILVER,6
Canada,Short Track Speed Skating,SILVER,6
Bulgaria,Gymnastics Artistic,BRONZE,6
Taiwan,Taekwondo,BRONZE,6
Greece,Weightlifting,GOLD,6
New Zealand,Sailing,BRONZE,6
New Zealand,Sailing,GOLD,6
Bahamas,Athletics,GOLD,6
Bulgaria,Shooting,BRONZE,6
Hungary,Modern Pentathlon,SILVER,6
Poland,Weightlifting,GOLD,6
Austria,Swimming,SILVER,6
Romania,Weightlifting,SILVER,6
Hungary,Judo,BRONZE,6
Switzerland,Athletics,SILVER,6
Mexico,Athletics,SILVER,6
Croatia,Alpine Skiing,SILVER,6
Russia,Biathlon,SILVER,6
Sweden,Modern Pentathlon,SILVER,6
Yugoslavia,Wrestling,BRONZE,6
Yugoslavia,Wrestling,SILVER,6
Unified Team,Wrestling,GOLD,6
Sweden,Sailing,GOLD,6
Yugoslavia,Boxing,BRONZE,6
Mongolia,Judo,BRONZE,6
China,Trampoline,BRONZE,6
China,Short Track Speed Skating,BRONZE,6
Mexico,Diving,SILVER,6
Germany,Rowing,SILVER,6
United Kingdom,Cycling Road,BRONZE,6
Kazakhstan,Weightlifting,BRONZE,6
Mongolia,Wrestling,BRONZE,6
Netherlands,Athletics,SILVER,6
Sweden,Diving,GOLD,6
United Kingdom,Canoe Slalom,SILVER,6
Germany,Ski Jumping,BRONZE,6
Unified Team,Athletics,GOLD,6
Germany,Ski Jumping,GOLD,6
Italy,Sailing,BRONZE,5
Italy,Swimming,GOLD,5
Unified Team,Weightlifting,GOLD,5
Unified Team,Wrestling,BRONZE,5
France,Figure skating,BRONZE,5
Italy,Swimming,SILVER,5
Norway,Canoe Sprint,GOLD,5
United Kingdom,Skeleton,BRONZE,5
North Korea,Weightlifting,BRONZE,5
Belarus,Athletics,SILVER,5
North Korea,Weightlifting,GOLD,5
North Korea,Wrestling,BRONZE,5
Italy,Luge,GOLD,5
Italy,Luge,BRONZE,5
United Kingdom,Fencing,SILVER,5
Brazil,Athletics,GOLD,5
Belgium,Athletics,SILVER,5
Israel,Judo,BRONZE,5
United Kingdom,Cycling Road,SILVER,5
Germany,Equestrian Eventing,BRONZE,5
Austria,Shooting,BRONZE,5
Italy,Weightlifting,GOLD,5
Netherlands,Boxing,BRONZE,5
Australia,Shooting,GOLD,5
Australia,Shooting,BRONZE,5
United States,Short Track Speed Skating,BRONZE,5
Japan,Ski Jumping,SILVER,5
Japan,Speed skating,GOLD,5
United States,Taekwondo,BRONZE,5
Netherlands,Cycling Road,SILVER,5
Uzbekistan,Boxing,GOLD,5
Uzbekistan,Judo,BRONZE,5
Italy,Weightlifting,SILVER,5
Namibia,Athletics,SILVER,5
Russia,Tennis,SILVER,5
France,Archery,BRONZE,5
Morocco,Athletics,SILVER,5
Kazakhstan,Wrestling,SILVER,5
Yugoslavia,Gymnastics Artistic,GOLD,5
Kenya,Boxing,BRONZE,5
Algeria,Boxing,BRONZE,5
United States,Rowing,BRONZE,5
United States,Golf,GOLD,5
Austria,Athletics,BRONZE,5
United States,Golf,BRONZE,5
Egypt,Weightlifting,GOLD,5
France,Equestrian Jumping,GOLD,5
Russia,Modern Pentathlon,BRONZE,5
Russia,Modern Pentathlon,GOLD,5
Russia,Rowing,GOLD,5
Austria,Snowboard,GOLD,5
Austria,Ski Jumping,GOLD,5
Slovakia,Canoe Slalom,GOLD,5
New Zealand,Rowing,GOLD,5
Denmark,Cycling Track,GOLD,5
France,Canoe Slalom,BRONZE,5
Japan,Boxing,BRONZE,5
United States,Cycling Road,GOLD,5
Estonia,Wrestling,GOLD,5
Austria,Figure skating,GOLD,5
Austria,Fencing,BRONZE,5
United States,Equestrian Jumping,SILVER,5
Unified Team,Swimming,GOLD,5
Unified Team,Wrestling,SILVER,5
Canada,Judo,BRONZE,5
Switzerland,Cycling Mountain Bike,SILVER,5
Thailand,Weightlifting,GOLD,5
Switzerland,Shooting,GOLD,5
Poland,Weightlifting,SILVER,5
Spain,Athletics,SILVER,5
Türkiye,Taekwondo,BRONZE,5
Spain,Taekwondo,SILVER,5
Germany,Tennis,SILVER,5
Poland,Shooting,BRONZE,5
Hungary,Modern Pentathlon,GOLD,5
China,Boxing,SILVER,5
Cuba,Weightlifting,BRONZE,5
Poland,Canoe Sprint,BRONZE,5
Spain,Tennis,SILVER,5
Ukraine,Gymnastics Artistic,GOLD,5
China,Freestyle Skiing,GOLD,5
Canada,Freestyle Skiing,BRONZE,5
Romania,Shooting,BRONZE,5
Russia,Cycling Road,GOLD,5
Greece,Shooting,BRONZE,5
Czechia,Cross Country Skiing,BRONZE,5
Russia,Cycling Track,GOLD,5
Czechia,Cross Country Skiing,SILVER,5
Germany,Bobsleigh,SILVER,5
Russia,Cycling Track,SILVER,5
Puerto Rico,Boxing,BRONZE,5
Canada,Rowing,BRONZE,5
Poland,Wrestling,GOLD,5
Greece,Weightlifting,SILVER,5
Canada,Snowboard,GOLD,5
Canada,Snowboard,SILVER,5
Greece,Gymnastics Artistic,GOLD,5
Portugal,Athletics,GOLD,5
Unified Team,Shooting,GOLD,5
Georgia,Judo,SILVER,5
Canada,Short Track Speed Skating,GOLD,5
Sweden,Biathlon,GOLD,5
Sweden,Speed skating,BRONZE,5
Sweden,Boxing,SILVER,5
Russia,Figure skating,BRONZE,5
Bulgaria,Athletics,GOLD,5
South Korea,Speed skating,GOLD,5
Iran,Weightlifting,BRONZE,5
Sweden,Figure skating,GOLD,5
Bulgaria,Boxing,GOLD,5
Germany,Figure skating,GOLD,5
Germany,Judo,GOLD,5
Denmark,Boxing,SILVER,5
France,Taekwondo,BRONZE,5
South Korea,Speed skating,BRONZE,5
Denmark,Canoe Sprint,BRONZE,5
China,Wrestling,SILVER,5
Bulgaria,Boxing,SILVER,5
India,Wrestling,BRONZE,5
Sweden,Canoe Sprint,GOLD,5
Unified Team,Gymnastics Artistic,SILVER,5
Ireland,Boxing,SILVER,5
France,Snowboard,SILVER,5
Latvia,Athletics,SILVER,4
Germany,Equestrian Jumping,GOLD,4
Germany,Figure skating,SILVER,4
Japan,Freestyle Skiing,BRONZE,4
Malaysia,Badminton,SILVER,4
Romania,Fencing,GOLD,4
Russia,Archery,BRONZE,4
Finland,Swimming,BRONZE,4
Romania,Rowing,GOLD,4
Mongolia,Boxing,BRONZE,4
Morocco,Boxing,BRONZE,4
Romania,Shooting,SILVER,4
Romania,Swimming,BRONZE,4
Netherlands,Judo,GOLD,4
Kazakhstan,Weightlifting,SILVER,4
Germany,Cycling Road,BRONZE,4
Russia,Artistic Gymnastics,BRONZE,4
Mongolia,Judo,SILVER,4
Germany,Sailing,GOLD,4
Japan,Figure skating,SILVER,4
Mongolia,Wrestling,SILVER,4
Russia,Archery,SILVER,4
Germany,Snowboard,SILVER,4
France,Snowboard,GOLD,4
Japan,Figure skating,BRONZE,4
Italy,Diving,SILVER,4
France,Wrestling,SILVER,4
Italy,Judo,SILVER,4
Italy,Judo,GOLD,4
Italy,Gymnastics Artistic,SILVER,4
France,Wrestling,GOLD,4
Italy,Equestrian Jumping,SILVER,4
Italy,Equestrian Jumping,GOLD,4
France,Tennis,SILVER,4
France,Tennis,GOLD,4
Italy,Cycling Road,SILVER,4
Georgia,Judo,GOLD,4
Indonesia,Badminton,SILVER,4
Italy,Canoe Sprint,SILVER,4
Italy,Biathlon,BRONZE,4
Norway,Snowboard,SILVER,4
Norway,Freestyle Skiing,BRONZE,4
Norway,Freestyle Skiing,GOLD,4
Ireland,Athletics,GOLD,4
France,Snowboard,BRONZE,4
Germany,Equestrian Eventing,GOLD,4
Russia,Gymnastics Rhythmic,SILVER,4
Norway,Wrestling,GOLD,4
Greece,Shooting,GOLD,4
Russia,Luge,SILVER,4
France,Canoe Sprint,BRONZE,4
Greece,Weightlifting,BRONZE,4
Russia,Sailing,BRONZE,4
France,Cycling Mountain Bike,GOLD,4
France,Cycling Road,GOLD,4
France,Cycling Road,SILVER,4
Italy,Wrestling,SILVER,4
Russia,Modern Pentathlon,SILVER,4
France,Equestrian Dressage,SILVER,4
France,Equestrian Jumping,BRONZE,4
Philippines,Boxing,BRONZE,4
Poland,Ski Jumping,GOLD,4
Russia,Luge,BRONZE,4
Poland,Shooting,GOLD,4
Nigeria,Athletics,BRONZE,4
Hungary,Modern Pentathlon,BRONZE,4
Italy,Speed skating,BRONZE,4
Italy,Short Track Speed Skating,SILVER,4
North Korea,Judo,BRONZE,4
Philippines,Boxing,SILVER,4
Portugal,Athletics,BRONZE,4
Zimbabwe,Swimming,SILVER,4
Denmark,Swimming,SILVER,4
Brazil,Judo,GOLD,4
Czechia,Tennis,BRONZE,4
Austria,Snowboard,BRONZE,4
Ukraine,Wrestling,GOLD,4
Brazil,Swimming,SILVER,4
Sweden,Modern Pentathlon,BRONZE,4
Colombia,Weightlifting,SILVER,4
Sweden,Speed skating,SILVER,4
Colombia,Boxing,BRONZE,4
Unified Team,Cross Country Skiing,BRONZE,4
Denmark,Athletics,SILVER,4
Denmark,Badminton,BRONZE,4
Austria,Swimming,BRONZE,4
Trinidad and Tobago,Athletics,SILVER,4
Denmark,Cycling Road,SILVER,4
South Korea,Gymnastics Artistic,SILVER,4
Bulgaria,Canoe Sprint,SILVER,4
South Korea,Gymnastics Artistic,BRONZE,4
South Korea,Fencing,GOLD,4
Unified Team,Gymnastics Artistic,BRONZE,4
Denmark,Sailing,BRONZE,4
Denmark,Shooting,BRONZE,4
Austria,Weightlifting,SILVER,4
Sweden,Weightlifting,BRONZE,4
Brazil,Boxing,BRONZE,4
Thailand,Boxing,SILVER,4
Argentina,Sailing,SILVER,4
Thailand,Boxing,GOLD,4
United States,Judo,SILVER,4
United Kingdom,Wrestling,SILVER,4
South Africa,Swimming,BRONZE,4
Bulgaria,Canoe Sprint,GOLD,4
Ukraine,Swimming,GOLD,4
China,Speed skating,BRONZE,4
Ukraine,Boxing,GOLD,4
Austria,Figure skating,BRONZE,4
Uganda,Athletics,GOLD,4
Cuba,Fencing,GOLD,4
Finland,Ski Jumping,BRONZE,4
Sweden,Biathlon,BRONZE,4
Czechia,Biathlon,SILVER,4
Spain,Swimming,BRONZE,4
Canada,Alpine Skiing,GOLD,4
Austria,Luge,GOLD,4
Czechia,Canoe Slalom,GOLD,4
Czechia,Canoe Slalom,SILVER,4
Armenia,Wrestling,SILVER,4
Czechia,Canoe Sprint,GOLD,4
Croatia,Taekwondo,BRONZE,4
Ukraine,Boxing,SILVER,4
Canada,Diving,SILVER,4
Armenia,Weightlifting,SILVER,4
Sweden,Equestrian Dressage,BRONZE,4
Sweden,Equestrian Dressage,GOLD,4
Bulgaria,Shooting,GOLD,4
Ukraine,Fencing,BRONZE,4
United States,Cycling Road,SILVER,4
Uzbekistan,Wrestling,BRONZE,4
United States,Equestrian Eventing,BRONZE,4
Ukraine,Gymnastics Rhythmic,BRONZE,4
Australia,Canoe Sprint,BRONZE,4
Ukraine,Shooting,GOLD,4
Canada,Diving,BRONZE,4
Croatia,Alpine Skiing,GOLD,4
United States,Fencing,GOLD,4
South Africa,Boxing,SILVER,4
Unified Team,Weightlifting,SILVER,4
United Kingdom,Canoe Sprint,BRONZE,4
United Kingdom,Weightlifting,SILVER,4
Switzerland,Wrestling,GOLD,4
China,Fencing,GOLD,4
Australia,Freestyle Skiing,GOLD,4
Yugoslavia,Wrestling,GOLD,4
Slovakia,Canoe Slalom,SILVER,4
Belgium,Cycling Road,BRONZE,4
Australia,Sailing,GOLD,4
Australia,Sailing,BRONZE,4
United States,Skeleton,SILVER,4
Belarus,Weightlifting,SILVER,4
Estonia,Wrestling,BRONZE,4
United States,Short Track Speed Skating,GOLD,4
United Kingdom,Rowing,BRONZE,4
Algeria,Athletics,GOLD,4
Belarus,Shooting,BRONZE,4
Belarus,Gymnastics Artistic,BRONZE,4
Russia,Tennis,GOLD,4
United Kingdom,Taekwondo,BRONZE,4
Finland,Gymnastics Artistic,SILVER,4
Belarus,Freestyle Skiing,GOLD,4
Australia,Rowing,GOLD,4
Switzerland,Snowboard,BRONZE,4
Belarus,Biathlon,SILVER,4
Belarus,Biathlon,GOLD,4
Switzerland,Ski Jumping,GOLD,4
Finland,Sailing,BRONZE,4
Finland,Shooting,GOLD,4
Switzerland,Wrestling,SILVER,4
Australia,Boxing,BRONZE,4
United Kingdom,Equestrian Eventing,BRONZE,4
Taiwan,Weightlifting,GOLD,4
Egypt,Taekwondo,BRONZE,4
Belgium,Sailing,SILVER,4
Bahamas,Athletics,BRONZE,4
United Kingdom,Figure skating,BRONZE,4
Canada,Shooting,GOLD,4
Azerbaijan,Wrestling,GOLD,4
Switzerland,Cross Country Skiing,GOLD,4
United Kingdom,Figure skating,GOLD,4
China,Freestyle Skiing,BRONZE,4
Estonia,Cross Country Skiing,GOLD,4
Taiwan,Weightlifting,BRONZE,4
Japan,Nordic Combined,SILVER,3
Greece,Cycling Track,SILVER,3
Poland,Shooting,SILVER,3
Canada,Canoe Sprint,GOLD,3
Japan,Snowboard,BRONZE,3
Japan,Shooting,BRONZE,3
Canada,Boxing,GOLD,3
Thailand,Taekwondo,BRONZE,3
Hungary,Judo,SILVER,3
Türkiye,Taekwondo,SILVER,3
Türkiye,Karate,BRONZE,3
Japan,Figure skating,GOLD,3
Canada,Trampoline,SILVER,3
Canada,Rowing,SILVER,3
United States,Modern Pentathlon,SILVER,3
Greece,Wrestling,SILVER,3
Portugal,Athletics,SILVER,3
United States,Golf,SILVER,3
Poland,Swimming,SILVER,3
Romania,Judo,BRONZE,3
Switzerland,Swimming,BRONZE,3
Greece,Shooting,SILVER,3
Greece,Sailing,GOLD,3
Romania,Canoe Sprint,GOLD,3
Austria,Cross Country Skiing,BRONZE,3
Canada,Short Track,BRONZE,3
Greece,Swimming,SILVER,3
Portugal,Judo,BRONZE,3
Trinidad and Tobago,Athletics,GOLD,3
Australia,Snowboard,SILVER,3
United States,Equestrian Jumping,BRONZE,3
Romania,Fencing,SILVER,3
Poland,Ski Jumping,SILVER,3
Greece,Gymnastics Artistic,SILVER,3
Canada,Cycling Track,BRONZE,3
Japan,Ski Jumping,BRONZE,3
Netherlands,Weightlifting,BRONZE,3
Japan,Ski Jumping,GOLD,3
Poland,Ski Jumping,BRONZE,3
Türkiye,Boxing,BRONZE,3
Türkiye,Boxing,SILVER,3
Greece,Taekwondo,SILVER,3
Japan,Skateboarding,GOLD,3
New Zealand,Cycling Track,SILVER,3
Poland,Sailing,BRONZE,3
North Korea,Boxing,BRONZE,3
Belgium,Cycling Track,SILVER,3
United Kingdom,Gymnastics Artistic,SILVER,3
Belgium,Equestrian Jumping,BRONZE,3
North Korea,Gymnastics Artistic,GOLD,3
Italy,Short Track Speed Skating,BRONZE,3
North Korea,Boxing,SILVER,3
United Kingdom,Equestrian Jumping,BRONZE,3
Norway,Canoe Sprint,SILVER,3
Nigeria,Boxing,SILVER,3
Poland,Rowing,BRONZE,3
Belgium,Rowing,SILVER,3
Belgium,Sailing,BRONZE,3
Nigeria,Boxing,BRONZE,3
Norway,Figure skating,GOLD,3
Italy,Archery,BRONZE,3
Belgium,Shooting,BRONZE,3
Belgium,Shooting,SILVER,3
United Kingdom,Canoe Sprint,GOLD,3
Belgium,Cycling Track,GOLD,3
Belgium,Cycling Track,BRONZE,3
Belgium,Cycling Road,SILVER,3
Italy,Cycling Road,BRONZE,3
Belarus,Biathlon,BRONZE,3
Italy,Luge,SILVER,3
United Kingdom,Taekwondo,SILVER,3
North Korea,Wrestling,GOLD,3
United Kingdom,Skeleton,GOLD,3
United Kingdom,Rugby,SILVER,3
Italy,Sailing,GOLD,3
Belarus,Weightlifting,BRONZE,3
Italy,Sailing,SILVER,3
Belgium,Archery,BRONZE,3
Belgium,Athletics,BRONZE,3
United Kingdom,Modern Pentathlon,GOLD,3
Italy,Diving,GOLD,3
Italy,Diving,BRONZE,3
United Kingdom,Triathlon,SILVER,3
United Kingdom,Weightlifting,BRONZE,3
Italy,Cycling Track,BRONZE,3
United Kingdom,Wrestling,GOLD,3
Belgium,Wrestling,SILVER,3
Ireland,Swimming,GOLD,3
Ukraine,Judo,BRONZE,3
Bulgaria,Rowing,BRONZE,3
Ukraine,Gymnastics Artistic,BRONZE,3
Independent Olympic Athletes,Shooting,BRONZE,3
Japan,Boxing,GOLD,3
Ukraine,Canoe Sprint,SILVER,3
Japan,Cycling Track,BRONZE,3
Ukraine,Canoe Sprint,GOLD,3
Ukraine,Canoe Sprint,BRONZE,3
Poland,Fencing,GOLD,3
New Zealand,Athletics,SILVER,3
Hungary,Shooting,SILVER,3
Ukraine,Biathlon,BRONZE,3
Ukraine,Athletics,SILVER,3
Poland,Judo,GOLD,3
Poland,Judo,SILVER,3
Uganda,Boxing,SILVER,3
Austria,Judo,SILVER,3
Canada,Wrestling,GOLD,3
Ukraine,Shooting,BRONZE,3
Norway,Sailing,BRONZE,3
India,Boxing,BRONZE,3
United Kingdom,Archery,BRONZE,3
New Zealand,Swimming,BRONZE,3
Ireland,Boxing,GOLD,3
Norway,Shooting,SILVER,3
Austria,Weightlifting,GOLD,3
Brazil,Judo,SILVER,3
Austria,Speed skating,BRONZE,3
Brazil,Skateboarding,SILVER,3
Iran,Taekwondo,BRONZE,3
Unified Team,Athletics,BRONZE,3
United States,Canoe Sprint,BRONZE,3
Ukraine,Swimming,SILVER,3
Japan,Archery,SILVER,3
New Zealand,Rowing,BRONZE,3
New Zealand,Equestrian Eventing,GOLD,3
Austria,Sailing,SILVER,3
New Zealand,Equestrian Eventing,BRONZE,3
Japan,Snowboard,SILVER,3
China,Artistic Gymnastics,GOLD,3
Ghana,Boxing,BRONZE,3
South Korea,Short Track,GOLD,3
Czechia,Tennis,SILVER,3
South Korea,Swimming,SILVER,3
Czechia,Weightlifting,BRONZE,3
France,Tennis,BRONZE,3
France,Taekwondo,SILVER,3
Czechia,Weightlifting,GOLD,3
Denmark,Athletics,BRONZE,3
Denmark,Canoe Sprint,SILVER,3
Denmark,Fencing,BRONZE,3
France,Weightlifting,BRONZE,3
Denmark,Rowing,BRONZE,3
South Korea,Boxing,GOLD,3
France,Rowing,SILVER,3
Denmark,Swimming,GOLD,3
South Korea,Badminton,SILVER,3
South Korea,Badminton,GOLD,3
South Korea,Badminton,BRONZE,3
Denmark,Wrestling,SILVER,3
South Korea,Table Tennis,BRONZE,3
France,Weightlifting,SILVER,3
France,Gymnastics Artistic,GOLD,3
Georgia,Wrestling,GOLD,3
Germany,Bobsleigh,GOLD,3
Spain,Cycling Track,GOLD,3
Spain,Cycling Mountain Bike,BRONZE,3
Czechia,Fencing,BRONZE,3
Czechia,Figure skating,BRONZE,3
Spain,Canoe Sprint,GOLD,3
Spain,Athletics,GOLD,3
South Korea,Weightlifting,GOLD,3
Czechia,Rowing,SILVER,3
Czechia,Speed skating,GOLD,3
Czechia,Ski Jumping,BRONZE,3
Georgia,Weightlifting,GOLD,3
Georgia,Weightlifting,BRONZE,3
United States,Short Track Speed Skating,SILVER,3
Czechia,Snowboard,GOLD,3
Georgia,Judo,BRONZE,3
Venezuela,Boxing,SILVER,3
Czechia,Speed skating,BRONZE,3
Dominican Republic,Athletics,SILVER,3
Egypt,Boxing,BRONZE,3
Spain,Judo,GOLD,3
Mexico,Athletics,GOLD,3
Slovakia,Canoe Slalom,BRONZE,3
Mexico,Boxing,SILVER,3
Slovakia,Biathlon,SILVER,3
France,Canoe Slalom,SILVER,3
Estonia,Weightlifting,BRONZE,3
Slovakia,Biathlon,GOLD,3
Estonia,Weightlifting,SILVER,3
Algeria,Athletics,SILVER,3
Latvia,Luge,BRONZE,3
Argentina,Athletics,SILVER,3
Malaysia,Badminton,BRONZE,3
MIX,Tennis,BRONZE,3
Russia,Taekwondo,SILVER,3
Russia,Taekwondo,BRONZE,3
Finland,Nordic Combined,GOLD,3
Finland,Rowing,GOLD,3
Lithuania,Modern Pentathlon,SILVER,3
Lithuania,Athletics,GOLD,3
Estonia,Judo,BRONZE,3
Mexico,Taekwondo,BRONZE,3
Yugoslavia,Boxing,GOLD,3
Egypt,Wrestling,SILVER,3
France,Freestyle Skiing,GOLD,3
Slovenia,Snowboard,BRONZE,3
Yugoslavia,Gymnastics Artistic,BRONZE,3
Kosovo,Judo,GOLD,3
Slovenia,Judo,BRONZE,3
Egypt,Weightlifting,SILVER,3
Egypt,Wrestling,BRONZE,3
Kuwait,Shooting,BRONZE,3
Mexico,Weightlifting,BRONZE,3
Slovakia,Shooting,BRONZE,3
Estonia,Athletics,BRONZE,3
Kyrgyz Republic,Wrestling,BRONZE,3
Russia,Nordic Combined,BRONZE,3
Kyrgyz Republic,Wrestling,SILVER,3
Slovenia,Alpine Skiing,SILVER,3
Slovenia,Alpine Skiing,BRONZE,3
France,Cycling Road,BRONZE,3
Russia,Rowing,SILVER,3
Armenia,Wrestling,BRONZE,3
South Korea,Taekwondo,SILVER,3
Belarus,Athletics,GOLD,3
Australia,Freestyle Skiing,SILVER,3
Sweden,Tennis,BRONZE,3
Colombia,Athletics,SILVER,3
China,Fencing,SILVER,3
Colombia,Weightlifting,BRONZE,3
Japan,Weightlifting,SILVER,3
Sweden,Freestyle Skiing,BRONZE,3
Sweden,Figure skating,SILVER,3
Australia,Canoe Sprint,SILVER,3
Sweden,Equestrian Dressage,SILVER,3
Switzerland,Equestrian Dressage,GOLD,3
China,Cycling Track,BRONZE,3
Australia,Canoe Sprint,GOLD,3
Croatia,Athletics,GOLD,3
Germany,Figure skating,BRONZE,3
Sweden,Equestrian Eventing,GOLD,3
Sweden,Equestrian Eventing,BRONZE,3
Netherlands,Equestrian Eventing,GOLD,3
China,Figure skating,BRONZE,3
China,Trampoline,GOLD,3
Switzerland,Cycling Road,GOLD,3
China,Sailing,SILVER,3
Germany,Sailing,BRONZE,3
China,Sailing,GOLD,3
Australia,Diving,GOLD,3
Switzerland,Cycling Mountain Bike,BRONZE,3
Germany,Skeleton,SILVER,3
Japan,Synchronized Swimming,BRONZE,3
China,Judo,SILVER,3
Netherlands,Equestrian Jumping,SILVER,3
Germany,Nordic Combined,SILVER,3
China,Speed skating,SILVER,3
China,Taekwondo,BRONZE,3
United States,Taekwondo,GOLD,3
Germany,Canoe Slalom,SILVER,3
Switzerland,Cycling Road,BRONZE,3
Germany,Fencing,BRONZE,3
Germany,Table Tennis,BRONZE,3
China,Boxing,GOLD,3
North Korea,Table Tennis,BRONZE,3
Spain,Sailing,GOLD,3
Switzerland,Freestyle Skiing,SILVER,3
Switzerland,Freestyle Skiing,BRONZE,3
United States,Skeleton,GOLD,3
Czechia,Boxing,GOLD,3
Czechia,Biathlon,BRONZE,3
Netherlands,Cycling Road,BRONZE,3
Australasia,Swimming,BRONZE,3
Australasia,Swimming,SILVER,3
Germany,Equestrian Jumping,BRONZE,3
Cuba,Taekwondo,BRONZE,3
United States,Tennis,SILVER,3
Cuba,Shooting,BRONZE,3
Australia,Canoe Slalom,BRONZE,3
Germany,Sailing,SILVER,3
Romania,Weightlifting,BRONZE,3
Sweden,Cycling Road,BRONZE,3
Romania,Swimming,GOLD,3
China,Artistic Gymnastics,SILVER,3
Netherlands,Equestrian Dressage,GOLD,3
Netherlands,Marathon Swimming,GOLD,3
Sweden,Cycling Road,SILVER,3
Australia,Canoe Slalom,SILVER,3
United States,Synchronized Swimming,GOLD,2
United Kingdom,Triathlon,GOLD,2
Netherlands,Rowing,GOLD,2
United States,Skateboarding,BRONZE,2
North Korea,Boxing,GOLD,2
North Korea,Shooting,BRONZE,2
Mexico,Taekwondo,SILVER,2
Lithuania,Athletics,BRONZE,2
Netherlands,Judo,SILVER,2
Netherlands,Short Track,SILVER,2
Luxembourg,Alpine Skiing,SILVER,2
Mexico,Taekwondo,GOLD,2
North Korea,Judo,SILVER,2
Yugoslavia,Shooting,GOLD,2
Netherlands,Rowing,BRONZE,2
Netherlands,Short Track Speed Skating,GOLD,2
Luxembourg,Athletics,GOLD,2
Zimbabwe,Swimming,GOLD,2
United Kingdom,Triathlon,BRONZE,2
Mexico,Boxing,GOLD,2
Mexico,Athletics,BRONZE,2
North Korea,Judo,GOLD,2
MIX,Polo,BRONZE,2
Netherlands,Short Track Speed Skating,BRONZE,2
Uzbekistan,Boxing,SILVER,2
United States,Nordic Combined,SILVER,2
Uzbekistan,Wrestling,SILVER,2
Venezuela,Weightlifting,SILVER,2
United States,Cross Country Skiing,SILVER,2
United States,Cycling BMX,BRONZE,2
Venezuela,Taekwondo,BRONZE,2
United States,Taekwondo,SILVER,2
United States,Cycling BMX,SILVER,2
United States,Cycling Mountain Bike,BRONZE,2
Venezuela,Boxing,BRONZE,2
United States,Triathlon,BRONZE,2
United States,Cycling Road,BRONZE,2
United States,Equestrian Eventing,GOLD,2
Uzbekistan,Wrestling,GOLD,2
New Zealand,Cycling Track,BRONZE,2
Netherlands,Canoe Sprint,SILVER,2
New Zealand,Canoe Sprint,BRONZE,2
Netherlands,Canoe Sprint,BRONZE,2
Uzbekistan,Weightlifting,GOLD,2
Uzbekistan,Judo,SILVER,2
New Zealand,Boxing,BRONZE,2
Netherlands,Boxing,SILVER,2
United States,Canoe Sprint,GOLD,2
Netherlands,Equestrian Dressage,SILVER,2
Netherlands,Gymnastics Artistic,GOLD,2
United States,Artistic Gymnastics,BRONZE,2
Netherlands,Figure skating,SILVER,2
Moldova,Boxing,BRONZE,2
Yugoslavia,Judo,BRONZE,2
Yugoslavia,Gymnastics Artistic,SILVER,2
United States,Modern Pentathlon,BRONZE,2
Yugoslavia,Boxing,SILVER,2
Nigeria,Athletics,SILVER,2
Nigeria,Athletics,GOLD,2
Yugoslavia,Athletics,SILVER,2
United States,Artistic Gymnastics,GOLD,2
United States,Canoe Slalom,SILVER,2
New Zealand,Triathlon,BRONZE,2
United States,Judo,GOLD,2
New Zealand,Swimming,GOLD,2
Yugoslavia,Alpine Skiing,SILVER,2
United States,Football,BRONZE,2
West Indies Federation,Athletics,BRONZE,2
United States,Bobsleigh,SILVER,2
United States,Equestrian Jumping,GOLD,2
United States,Canoe Slalom,BRONZE,2
Mongolia,Boxing,SILVER,2
Russia,Snowboard,SILVER,2
United Kingdom,Taekwondo,GOLD,2
Switzerland,Rowing,BRONZE,2
Sweden,Curling,BRONZE,2
Sweden,Canoe Sprint,SILVER,2
Sweden,Canoe Marathon,GOLD,2
Sweden,Archery,SILVER,2
Sweden,Alpine Skiing,SILVER,2
Sri Lanka,Athletics,SILVER,2
Spain,Tennis,GOLD,2
Spain,Tennis,BRONZE,2
Spain,Swimming,SILVER,2
Spain,Swimming,GOLD,2
Spain,Shooting,SILVER,2
Spain,Sailing,SILVER,2
Spain,Sailing,BRONZE,2
Spain,Judo,BRONZE,2
Spain,Gymnastics Artistic,GOLD,2
Spain,Cycling Track,SILVER,2
Spain,Cycling Track,BRONZE,2
Spain,Cycling Road,GOLD,2
Spain,Canoe Sprint,BRONZE,2
Sweden,Cycling Road,GOLD,2
Sweden,Equestrian Eventing,SILVER,2
Sweden,Equestrian Jumping,BRONZE,2
Switzerland,Cycling Mountain Bike,GOLD,2
Switzerland,Figure skating,SILVER,2
Switzerland,Fencing,SILVER,2
Switzerland,Equestrian Jumping,GOLD,2
Romania,Swimming,SILVER,2
Romania,Weightlifting,GOLD,2
Switzerland,Equestrian Jumping,BRONZE,2
Switzerland,Equestrian Dressage,BRONZE,2
Switzerland,Cycling Road,SILVER,2
Switzerland,Cross Country Skiing,BRONZE,2
Sweden,Equestrian Jumping,SILVER,2
Switzerland,Bobsleigh,SILVER,2
Switzerland,Bobsleigh,GOLD,2
Switzerland,Beach Volleyball,BRONZE,2
Switzerland,Athletics,BRONZE,2
Russia,Artistic Gymnastics,SILVER,2
Sweden,Tennis,SILVER,2
Sweden,Freestyle Skiing,GOLD,2
Sweden,Figure skating,BRONZE,2
Spain,Boxing,SILVER,2
Spain,Boxing,BRONZE,2
Russia,Equestrian Dressage,BRONZE,2
Serbia,Taekwondo,GOLD,2
Russia,Sailing,GOLD,2
Russia,Sailing,SILVER,2
Russia,Short Track Speed Skating,BRONZE,2
Russia,Short Track Speed Skating,GOLD,2
Russia,Short Track Speed Skating,SILVER,2
Singapore,Table Tennis,BRONZE,2
Serbia and Montenegro,Shooting,SILVER,2
Serbia,Water Polo,GOLD,2
Serbia,Shooting,SILVER,2
Slovakia,Shooting,SILVER,2
Serbia,Shooting,BRONZE,2
Saudi Arabia,Equestrian Jumping,BRONZE,2
Russia,Trampoline,SILVER,2
Russia,Trampoline,GOLD,2
Russia,Taekwondo,GOLD,2
Russia,Skeleton,BRONZE,2
Russia,Snowboard,BRONZE,2
Russia,Snowboard,GOLD,2
Slovakia,Canoe Sprint,SILVER,2
Slovakia,Swimming,SILVER,2
Russia,Equestrian Dressage,GOLD,2
Slovenia,Ski Jumping,SILVER,2
Russia,Equestrian Dressage,SILVER,2
South Korea,Table Tennis,GOLD,2
South Korea,Short Track,BRONZE,2
Liechtenstein,Alpine Skiing,SILVER,2
Russia,Gymnastics Rhythmic,BRONZE,2
South Africa,Tennis,GOLD,2
South Africa,Cycling Track,BRONZE,2
Slovenia,Snowboard,SILVER,2
Slovenia,Ski Jumping,GOLD,2
Slovenia,Alpine Skiing,GOLD,2
Slovenia,Ski Jumping,BRONZE,2
Slovenia,Shooting,BRONZE,2
Slovenia,Sailing,SILVER,2
Slovenia,Judo,GOLD,2
Slovenia,Cross Country Skiing,BRONZE,2
Slovenia,Canoe Slalom,SILVER,2
Slovenia,Athletics,SILVER,2
Russia,Rowing,BRONZE,2
Switzerland,Judo,BRONZE,2
Switzerland,Skeleton,BRONZE,2
North Korea,Wrestling,SILVER,2
Switzerland,Snowboard,SILVER,2
Norway,Rowing,BRONZE,2
Norway,Rowing,GOLD,2
Unified Team,Shooting,SILVER,2
Unified Team,Judo,GOLD,2
Unified Team,Judo,BRONZE,2
Unified Team,Figure skating,GOLD,2
Unified Team,Fencing,SILVER,2
Unified Team,Diving,SILVER,2
Unified Team,Cross Country Skiing,SILVER,2
Unified Team,Cross Country Skiing,GOLD,2
Unified Team,Biathlon,GOLD,2
Unified Team,Archery,BRONZE,2
Ukraine,Weightlifting,GOLD,2
Ukraine,Weightlifting,BRONZE,2
Norway,Taekwondo,SILVER,2
Norway,Wrestling,BRONZE,2
Norway,Wrestling,SILVER,2
Panama,Athletics,BRONZE,2
Peru,Shooting,SILVER,2
United Kingdom,Archery,GOLD,2
United Kingdom,Archery,SILVER,2
United Kingdom,Canoe Slalom,GOLD,2
United Kingdom,Figure skating,SILVER,2
United Kingdom,Snowboard,BRONZE,2
United Kingdom,Rackets,BRONZE,2
United Kingdom,Polo,SILVER,2
United Kingdom,Modern Pentathlon,SILVER,2
United Kingdom,Modern Pentathlon,BRONZE,2
United Kingdom,Marathon Swimming,SILVER,2
United Kingdom,Hockey,BRONZE,2
United Kingdom,Gymnastics Artistic,GOLD,2
Norway,Boxing,BRONZE,2
Norway,Freestyle Skiing,SILVER,2
Norway,Boxing,SILVER,2
United Kingdom,Equestrian Jumping,SILVER,2
United Kingdom,Equestrian Eventing,SILVER,2
United Kingdom,Equestrian Eventing,GOLD,2
United Kingdom,Equestrian Dressage,GOLD,2
United Kingdom,Diving,SILVER,2
Norway,Cycling Road,BRONZE,2
United Kingdom,Cycling Road,GOLD,2
Philippines,Athletics,BRONZE,2
Ukraine,Swimming,BRONZE,2
Ukraine,Shooting,SILVER,2
Taiwan,Archery,SILVER,2
Thailand,Taekwondo,SILVER,2
Tanzania,Athletics,SILVER,2
Portugal,Sailing,BRONZE,2
Portugal,Sailing,SILVER,2
Taiwan,Weightlifting,SILVER,2
Taiwan,Taekwondo,GOLD,2
Qatar,Athletics,SILVER,2
Taiwan,Table Tennis,BRONZE,2
Switzerland,Weightlifting,SILVER,2
Poland,Swimming,BRONZE,2
Switzerland,Weightlifting,BRONZE,2
Romania,Canoe Sprint,SILVER,2
Romania,Fencing,BRONZE,2
Switzerland,Triathlon,GOLD,2
Switzerland,Triathlon,BRONZE,2
Switzerland,Tennis,SILVER,2
Switzerland,Tennis,GOLD,2
Romania,Judo,SILVER,2
Thailand,Weightlifting,SILVER,2
Poland,Speed skating,SILVER,2
Philippines,Swimming,BRONZE,2
Poland,Fencing,SILVER,2
Ukraine,Gymnastics Artistic,SILVER,2
Poland,Canoe Sprint,SILVER,2
Poland,Cross Country Skiing,BRONZE,2
Poland,Cross Country Skiing,GOLD,2
Poland,Cycling Mountain Bike,SILVER,2
Ukraine,Cycling Track,BRONZE,2
Poland,Cycling Road,BRONZE,2
Poland,Fencing,BRONZE,2
Poland,Judo,BRONZE,2
Trinidad and Tobago,Weightlifting,BRONZE,2
Poland,Modern Pentathlon,GOLD,2
Uganda,Athletics,BRONZE,2
Türkiye,Weightlifting,BRONZE,2
Türkiye,Athletics,BRONZE,2
Tunisia,Swimming,GOLD,2
Tunisia,Boxing,BRONZE,2
Tunisia,Athletics,SILVER,2
Tunisia,Athletics,GOLD,2
Ukraine,Athletics,GOLD,2
Afghanistan,Taekwondo,BRONZE,2
Liechtenstein,Alpine Skiing,GOLD,2
Finland,Canoe Sprint,GOLD,2
Czechia,Judo,GOLD,2
Czechia,Modern Pentathlon,BRONZE,2
Czechia,Ski Jumping,SILVER,2
Czechia,Speed skating,SILVER,2
Czechia,Tennis,GOLD,2
Czechia,Weightlifting,SILVER,2
Denmark,Badminton,GOLD,2
Denmark,Canoe Sprint,GOLD,2
Denmark,Cycling Track,SILVER,2
Denmark,Equestrian Dressage,SILVER,2
Denmark,Fencing,SILVER,2
Denmark,Rowing,SILVER,2
Denmark,Shooting,GOLD,2
Denmark,Weightlifting,SILVER,2
Dominican Republic,Athletics,GOLD,2
Egypt,Wrestling,GOLD,2
Estonia,Athletics,GOLD,2
Estonia,Cross Country Skiing,SILVER,2
Estonia,Rowing,SILVER,2
Estonia,Wrestling,SILVER,2
Finland,Archery,BRONZE,2
Finland,Biathlon,BRONZE,2
Finland,Biathlon,SILVER,2
Czechia,Cycling Track,GOLD,2
Czechia,Canoe Sprint,SILVER,2
Czechia,Canoe Sprint,BRONZE,2
Colombia,Weightlifting,GOLD,2
China,Sailing,BRONZE,2
China,Short Track,SILVER,2
China,Snowboard,SILVER,2
China,Speed skating,GOLD,2
China,Trampoline,SILVER,2
China,Trampoline Gymnastics,SILVER,2
China,Wrestling,GOLD,2
Colombia,Cycling BMX,BRONZE,2
Colombia,Cycling BMX,GOLD,2
Colombia,Shooting,SILVER,2
Colombia,Wrestling,BRONZE,2
Czechia,Boxing,SILVER,2
Costa Rica,Swimming,BRONZE,2
Cote d'Ivoire,Taekwondo,BRONZE,2
Croatia,Rowing,GOLD,2
Croatia,Sailing,SILVER,2
Croatia,Shooting,GOLD,2
Cuba,Fencing,SILVER,2
Cuba,Taekwondo,SILVER,2
Cuba,Weightlifting,GOLD,2
Czechia,Alpine Skiing,BRONZE,2
Czechia,Boxing,BRONZE,2
Finland,Boxing,GOLD,2
Finland,Freestyle Skiing,SILVER,2
Italy,Snowboard,BRONZE,2
Finland,Ice Hockey,BRONZE,2
Greece,Gymnastics Artistic,BRONZE,2
Greece,Sailing,SILVER,2
Greece,Swimming,BRONZE,2
Greece,Tennis,SILVER,2
Hong Kong,Cycling Track,BRONZE,2
Hong Kong,Swimming,SILVER,2
Hungary,Boxing,SILVER,2
Hungary,Canoe Marathon,SILVER,2
Hungary,Short Track Speed Skating,BRONZE,2
Hungary,Weightlifting,GOLD,2
India,Athletics,SILVER,2
India,Badminton,BRONZE,2
India,Hockey,BRONZE,2
India,Shooting,SILVER,2
India,Wrestling,SILVER,2
Iran,Taekwondo,GOLD,2
Ireland,Athletics,SILVER,2
Israel,Sailing,BRONZE,2
Italy,Canoe Slalom,GOLD,2
Italy,Canoe Sprint,GOLD,2
Italy,Cycling Mountain Bike,GOLD,2
Italy,Equestrian Eventing,GOLD,2
Italy,Marathon Swimming,BRONZE,2
Greece,Fencing,GOLD,2
Greece,Fencing,BRONZE,2
Germany,Tennis,GOLD,2
France,Equestrian Eventing,SILVER,2
Finland,Sailing,SILVER,2
Finland,Snowboard,BRONZE,2
Finland,Snowboard,SILVER,2
Finland,Weightlifting,BRONZE,2
France,Canoe Sprint,SILVER,2
France,Croquet,BRONZE,2
France,Croquet,GOLD,2
France,Croquet,SILVER,2
France,Equestrian Dressage,BRONZE,2
France,Equestrian Eventing,GOLD,2
France,Figure skating,GOLD,2
Germany,Snowboard,BRONZE,2
France,Figure skating,SILVER,2
France,Nordic Combined,GOLD,2
France,Rowing,GOLD,2
Germany,Cross Country Skiing,BRONZE,2
Germany,Cycling Road,GOLD,2
Germany,Equestrian,GOLD,2
Germany,Equestrian Eventing,SILVER,2
Germany,Equestrian Jumping,SILVER,2
Germany,Modern Pentathlon,GOLD,2
Germany,Skeleton,GOLD,2
China,Rowing,BRONZE,2
China,Fencing,BRONZE,2
China,Cycling Track,SILVER,2
China,Archery,SILVER,2
Austria,Cross Country Skiing,SILVER,2
Austria,Cycling Track,BRONZE,2
Austria,Judo,BRONZE,2
Austria,Judo,GOLD,2
Austria,Nordic Combined,GOLD,2
Austria,Nordic Combined,SILVER,2
Austria,Shooting,SILVER,2
Austria,Snowboard,SILVER,2
Austria,Speed skating,SILVER,2
Austria,Weightlifting,BRONZE,2
Austria,Wrestling,BRONZE,2
Azerbaijan,Judo,BRONZE,2
Azerbaijan,Judo,SILVER,2
Azerbaijan,Karate,SILVER,2
Azerbaijan,Shooting,BRONZE,2
Azerbaijan,Taekwondo,BRONZE,2
Bahrain,Athletics,GOLD,2
Bahrain,Athletics,SILVER,2
Belarus,Boxing,SILVER,2
Belarus,Canoe Sprint,SILVER,2
Belarus,Freestyle Skiing,BRONZE,2
Belarus,Freestyle Skiing,SILVER,2
Belarus,Gymnastics Rhythmic,SILVER,2
Austria,Biathlon,SILVER,2
Austria,Biathlon,BRONZE,2
Austria,Athletics,SILVER,2
Australia,Diving,BRONZE,2
Argentina,Athletics,GOLD,2
Argentina,Hockey,SILVER,2
Argentina,Sailing,BRONZE,2
Argentina,Tennis,SILVER,2
Armenia,Boxing,BRONZE,2
Armenia,Weightlifting,BRONZE,2
Armenia,Wrestling,GOLD,2
Australasia,Swimming,GOLD,2
Australia,Cycling Road,BRONZE,2
Australia,Cycling Road,GOLD,2
Australia,Diving,SILVER,2
Australia,Wrestling,BRONZE,2
Australia,Equestrian Eventing,GOLD,2
Australia,Equestrian Eventing,SILVER,2
Australia,Freestyle Skiing,BRONZE,2
Australia,Judo,BRONZE,2
Australia,Rowing,SILVER,2
Australia,Snowboard,BRONZE,2
Australia,Tennis,BRONZE,2
Australia,Triathlon,BRONZE,2
Australia,Triathlon,SILVER,2
Australia,Weightlifting,BRONZE,2
Belarus,Modern Pentathlon,BRONZE,2
Belarus,Rowing,GOLD,2
Belarus,Shooting,SILVER,2
Canada,Judo,SILVER,2
Bulgaria,Rowing,GOLD,2
Bulgaria,Short Track Speed Skating,SILVER,2
Cameroon,Athletics,GOLD,2
Canada,Biathlon,GOLD,2
Canada,Cross Country Skiing,GOLD,2
Canada,Cycling Mountain Bike,SILVER,2
Canada,Cycling Road,BRONZE,2
Canada,Cycling Track,GOLD,2
Canada,Cycling Track,SILVER,2
Canada,Figure skating,GOLD,2
Canada,Sailing,BRONZE,2
Bulgaria,Gymnastics Rhythmic,SILVER,2
Canada,Skeleton,GOLD,2
Canada,Synchronized Swimming,GOLD,2
Canada,Trampoline,BRONZE,2
Canada,Trampoline,GOLD,2
Canada,Weightlifting,GOLD,2
Canada,Weightlifting,SILVER,2
Chile,Athletics,SILVER,2
Chile,Boxing,BRONZE,2
Chile,Equestrian Jumping,SILVER,2
Chile,Tennis,GOLD,2
Bulgaria,Judo,BRONZE,2
Bulgaria,Gymnastics Artistic,SILVER,2
Belarus,Swimming,SILVER,2
Brazil,Athletics,SILVER,2
Belgium,Boxing,BRONZE,2
Belgium,Cycling Road,GOLD,2
Belgium,Equestrian Jumping,GOLD,2
Belgium,Fencing,BRONZE,2
Belgium,Fencing,GOLD,2
Belgium,Judo,GOLD,2
Belgium,Sailing,GOLD,2
Belgium,Swimming,BRONZE,2
Belgium,Swimming,SILVER,2
Belgium,Weightlifting,SILVER,2
Brazil,Beach Volleyball,BRONZE,2
Bulgaria,Gymnastics Artistic,GOLD,2
Brazil,Beach Volleyball,SILVER,2
Brazil,Boxing,GOLD,2
Brazil,Boxing,SILVER,2
Brazil,Canoe Sprint,SILVER,2
Brazil,Football,GOLD,2
Brazil,Gymnastics Artistic,SILVER,2
Brazil,Sailing,GOLD,2
Brazil,Shooting,SILVER,2
Brazil,Taekwondo,BRONZE,2
Bulgaria,Canoe Sprint,BRONZE,2
Italy,Modern Pentathlon,BRONZE,2
Kazakhstan,Judo,BRONZE,2
Kazakhstan,Athletics,BRONZE,2
Latvia,Weightlifting,BRONZE,2
Italy,Snowboard,SILVER,2
Japan,Table Tennis,BRONZE,2
Latvia,Canoe Sprint,SILVER,2
Japan,Weightlifting,GOLD,2
Kazakhstan,Weightlifting,GOLD,2
Kazakhstan,Karate,BRONZE,2
Japan,Badminton,BRONZE,2
Japan,Archery,BRONZE,2
Japan,Artistic Gymnastics,GOLD,2
Kazakhstan,Judo,SILVER,2
Japan,Shooting,SILVER,2
Latvia,Cycling BMX,GOLD,2
Italy,Taekwondo,GOLD,2
Japan,Artistic Gymnastics,BRONZE,2
Algeria,Athletics,BRONZE,2
Latvia,Bobsleigh,BRONZE,2
Kazakhstan,Cross Country Skiing,SILVER,2
Latvia,Skeleton,SILVER,2
Kazakhstan,Athletics,GOLD,2
Kazakhstan,Shooting,SILVER,2
Lebanon,Wrestling,BRONZE,2
Canada,Curling,GOLD,1
Turkmenistan,Weightlifting,SILVER,1
Ukraine,Fencing,SILVER,1
Ukraine,Fencing,GOLD,1
Tunisia,Wrestling,BRONZE,1
Bulgaria,Rowing,SILVER,1
Bulgaria,Short Track Speed Skating,BRONZE,1
Ukraine,Cycling Track,SILVER,1
Türkiye,Archery,GOLD,1
Türkiye,Artistic Gymnastics,BRONZE,1
Bulgaria,Swimming,BRONZE,1
Bulgaria,Swimming,GOLD,1
Ukraine,Figure skating,BRONZE,1
Ukraine,Freestyle Skiing,GOLD,1
Ukraine,Figure skating,GOLD,1
Bulgaria,Tennis,BRONZE,1
Tunisia,Taekwondo,SILVER,1
Ukraine,Freestyle Skiing,SILVER,1
Tunisia,Taekwondo,BRONZE,1
Kazakhstan,Swimming,GOLD,1
Tunisia,Swimming,BRONZE,1
Tunisia,Marathon Swimming,GOLD,1
Kazakhstan,Wrestling,GOLD,1
Bulgaria,Rhythmic Gymnastics,GOLD,1
Bulgaria,Karate,GOLD,1
Bulgaria,Judo,SILVER,1
Ukraine,Gymnastics Rhythmic,GOLD,1
Mongolia,Boxing,GOLD,1
Bulgaria,Swimming,SILVER,1
Burkina Faso,Athletics,BRONZE,1
Türkiye,Judo,BRONZE,1
Canada,Alpine Skiing,SILVER,1
Türkiye,Judo,GOLD,1
Canada,Curling,BRONZE,1
Türkiye,Boxing,GOLD,1
Türkiye,Karate,SILVER,1
Mongolia,Shooting,BRONZE,1
Türkiye,Taekwondo,GOLD,1
Canada,Cycling Mountain Bike,BRONZE,1
Canada,Canoe Marathon,BRONZE,1
Canada,Bobsleigh,SILVER,1
Canada,Bobsleigh,BRONZE,1
Türkiye,Weightlifting,SILVER,1
Kazakhstan,Taekwondo,BRONZE,1
Canada,Biathlon,BRONZE,1
Cameroon,Weightlifting,BRONZE,1
Ukraine,Biathlon,SILVER,1
Cameroon,Football,GOLD,1
Uganda,Athletics,SILVER,1
Uganda,Boxing,BRONZE,1
Cameroon,Boxing,SILVER,1
Ukraine,Archery,BRONZE,1
Ukraine,Archery,GOLD,1
Ukraine,Karate,BRONZE,1
Cameroon,Boxing,BRONZE,1
Mongolia,Judo,GOLD,1
Mongolia,Shooting,SILVER,1
Burundi,Athletics,SILVER,1
Burundi,Athletics,GOLD,1
Ukraine,Biathlon,GOLD,1
Ukraine,Judo,SILVER,1
Moldova,Shooting,SILVER,1
Ukraine,Karate,SILVER,1
Brazil,Beach Volleyball,GOLD,1
Unified Team,Volleyball,SILVER,1
Unified Team,Tennis,BRONZE,1
Unified Team,Swimming,SILVER,1
Latvia,Athletics,BRONZE,1
Brazil,Canoe Sprint,BRONZE,1
Brazil,Canoe Sprint,GOLD,1
Unified Team,Shooting,BRONZE,1
Unified Team,Modern Pentathlon,BRONZE,1
Latvia,3x3 Basketball,GOLD,1
Brazil,Equestrian Jumping,GOLD,1
Unified Team,Gymnastics Rhythmic,GOLD,1
Unified Team,Gymnastics Rhythmic,BRONZE,1
Kyrgyz Republic,Judo,BRONZE,1
Brazil,Gymnastics Artistic,BRONZE,1
Brazil,Gymnastics Artistic,GOLD,1
Mexico,Swimming,GOLD,1
Mexico,Swimming,BRONZE,1
Ukraine,Modern Pentathlon,SILVER,1
Mexico,Shooting,SILVER,1
Belgium,Weightlifting,GOLD,1
Mexico,Modern Pentathlon,BRONZE,1
United Kingdom,Bobsleigh,BRONZE,1
United Kingdom,Badminton,SILVER,1
United Kingdom,Badminton,BRONZE,1
Bermuda,Boxing,BRONZE,1
Bermuda,Triathlon,GOLD,1
Botswana,Athletics,BRONZE,1
United Kingdom,Artistic Gymnastics,GOLD,1
United Kingdom,Artistic Gymnastics,BRONZE,1
Botswana,Athletics,SILVER,1
Brazil,Artistic Gymnastics,GOLD,1
Brazil,Artistic Gymnastics,SILVER,1
United Arab Emirates,Shooting,GOLD,1
United Arab Emirates,Judo,BRONZE,1
Unified Team,Freestyle Skiing,SILVER,1
Unified Team,Figure skating,SILVER,1
Mexico,Weightlifting,GOLD,1
Unified Team,Figure skating,BRONZE,1
Moldova,Canoe Sprint,BRONZE,1
Brazil,Tennis,BRONZE,1
Brazil,Volleyball,SILVER,1
Ukraine,Weightlifting,SILVER,1
Bulgaria,Biathlon,BRONZE,1
Bulgaria,Biathlon,GOLD,1
Ukraine,Trampoline,SILVER,1
Ukraine,Trampoline,GOLD,1
Ukraine,Tennis,BRONZE,1
Moldova,Canoe Sprint,SILVER,1
Bulgaria,Cross Country Skiing,BRONZE,1
Canada,Cycling Road,SILVER,1
Moldova,Wrestling,BRONZE,1
Bulgaria,Gymnastics Rhythmic,BRONZE,1
Kenya,Boxing,GOLD,1
Brazil,Swimming,GOLD,1
Brazil,Surfing,GOLD,1
Kenya,Boxing,SILVER,1
Mexico,Wrestling,SILVER,1
Brazil,Marathon Swimming,BRONZE,1
Unified Team,Fencing,BRONZE,1
Brazil,Marathon Swimming,GOLD,1
Unified Team,Diving,BRONZE,1
Brazil,Modern Pentathlon,BRONZE,1
Brazil,Sailing,BRONZE,1
Unified Team,Canoe Sprint,SILVER,1
Brazil,Shooting,GOLD,1
Unified Team,Boxing,SILVER,1
Unified Team,Boxing,BRONZE,1
Unified Team,Biathlon,SILVER,1
Brazil,Sailing,SILVER,1
Unified Team,Biathlon,BRONZE,1
Unified Team,Basketball,GOLD,1
Tunisia,Fencing,BRONZE,1
Trinidad and Tobago,Swimming,BRONZE,1
Kazakhstan,Speed skating,BRONZE,1
Switzerland,Bobsleigh,BRONZE,1
Kazakhstan,Cycling Road,SILVER,1
Switzerland,Cycling Track,SILVER,1
Switzerland,Cycling Track,GOLD,1
Switzerland,Cycling Track,BRONZE,1
Netherlands,Boxing,GOLD,1
China,Figure skating,GOLD,1
China,Figure skating,SILVER,1
China,Golf,BRONZE,1
China,Karate,BRONZE,1
China,Karate,SILVER,1
Switzerland,Cycling BMX Freestyle,BRONZE,1
Switzerland,Curling,SILVER,1
Switzerland,Curling,BRONZE,1
China,Modern Pentathlon,SILVER,1
Kazakhstan,Cycling Road,GOLD,1
China,Cycling Track,GOLD,1
Switzerland,Equestrian Dressage,SILVER,1
Switzerland,Equestrian Eventing,BRONZE,1
China,Archery,BRONZE,1
Chile,Football,BRONZE,1
Chile,Shooting,SILVER,1
Chile,Tennis,BRONZE,1
Netherlands,Badminton,SILVER,1
Chile,Tennis,SILVER,1
China,3x3 Basketball,BRONZE,1
China,Archery,GOLD,1
China,Canoe Sprint,SILVER,1
Switzerland,Figure skating,BRONZE,1
Netherlands,Beach Volleyball,BRONZE,1
Switzerland,Fencing,GOLD,1
Switzerland,Fencing,BRONZE,1
Switzerland,Equestrian Jumping,SILVER,1
China,Artistic Gymnastics,BRONZE,1
China,Short Track,GOLD,1
Switzerland,Biathlon,SILVER,1
Montenegro,Handball,SILVER,1
Kazakhstan,Cross Country Skiing,GOLD,1
Colombia,Cycling BMX Racing,BRONZE,1
Colombia,Cycling BMX Racing,SILVER,1
Colombia,Cycling Road,SILVER,1
Sweden,Snowboard,SILVER,1
Sweden,Ski Jumping,SILVER,1
Sweden,Ski Jumping,BRONZE,1
Colombia,Cycling Track,BRONZE,1
Colombia,Judo,BRONZE,1
Colombia,Judo,SILVER,1
Kazakhstan,Biathlon,SILVER,1
Colombia,Taekwondo,BRONZE,1
Kazakhstan,Athletics,SILVER,1
Sweden,Rowing,SILVER,1
Sweden,Nordic Combined,SILVER,1
Sweden,Nordic Combined,BRONZE,1
Kazakhstan,Cross Country Skiing,BRONZE,1
Netherlands,Cycling Mountain Bike,GOLD,1
Colombia,Boxing,SILVER,1
China,Trampoline Gymnastics,GOLD,1
China,Skeleton,BRONZE,1
China,Snowboard,GOLD,1
Netherlands,Cycling BMX,BRONZE,1
Netherlands,Cycling BMX,SILVER,1
China,Taekwondo,SILVER,1
Netherlands,Cycling BMX Racing,BRONZE,1
Netherlands,Cycling BMX Racing,GOLD,1
Sweden,Table Tennis,BRONZE,1
Netherlands,Cycling Mountain Bike,BRONZE,1
Sweden,Triathlon,SILVER,1
Colombia,Athletics,BRONZE,1
Colombia,Athletics,GOLD,1
Sweden,Table Tennis,SILVER,1
Sweden,Table Tennis,GOLD,1
Switzerland,Judo,GOLD,1
Switzerland,Judo,SILVER,1
Switzerland,Nordic Combined,GOLD,1
Switzerland,Nordic Combined,SILVER,1
Tajikistan,Wrestling,SILVER,1
Tajikistan,Judo,BRONZE,1
Tajikistan,Boxing,BRONZE,1
Tajikistan,Athletics,GOLD,1
Canada,Luge,SILVER,1
Canada,Marathon Swimming,BRONZE,1
Kazakhstan,Modern Pentathlon,GOLD,1
Taiwan,Taekwondo,SILVER,1
Canada,Sailing,SILVER,1
Canada,Shooting,BRONZE,1
Taiwan,Table Tennis,SILVER,1
Canada,Shooting,SILVER,1
Taiwan,Karate,BRONZE,1
Taiwan,Judo,SILVER,1
Taiwan,Golf,BRONZE,1
Canada,Luge,BRONZE,1
Canada,Lacrosse,GOLD,1
Canada,Lacrosse,BRONZE,1
Canada,Equestrian Jumping,SILVER,1
Tunisia,Athletics,BRONZE,1
Trinidad and Tobago,Weightlifting,SILVER,1
Canada,Diving,GOLD,1
United Kingdom,Canoe Slalom,BRONZE,1
Canada,Equestrian Jumping,BRONZE,1
Canada,Equestrian Jumping,GOLD,1
Tonga,Boxing,SILVER,1
Kazakhstan,Shooting,BRONZE,1
Togo,Canoe Slalom,BRONZE,1
Canada,Football,GOLD,1
Canada,Golf,GOLD,1
Canada,Gymnastics Artistic,GOLD,1
Thailand,Taekwondo,GOLD,1
Canada,Gymnastics Rhythmic,GOLD,1
Taiwan,Boxing,BRONZE,1
Taiwan,Badminton,SILVER,1
Taiwan,Badminton,GOLD,1
Kazakhstan,Freestyle Skiing,BRONZE,1
Canada,Triathlon,SILVER,1
Canada,Weightlifting,BRONZE,1
Switzerland,Ski Jumping,SILVER,1
Netherlands,Archery,BRONZE,1
Switzerland,Skeleton,GOLD,1
Netherlands,Archery,SILVER,1
Chile,Boxing,SILVER,1
Mozambique,Athletics,GOLD,1
Switzerland,Sailing,SILVER,1
Switzerland,Sailing,GOLD,1
Switzerland,Sailing,BRONZE,1
Switzerland,Rowing,SILVER,1
Switzerland,Rowing,GOLD,1
Kazakhstan,Figure skating,BRONZE,1
Canada,Triathlon,GOLD,1
Canada,Taekwondo,SILVER,1
Taiwan,Athletics,SILVER,1
Syria,Boxing,BRONZE,1
Taiwan,Athletics,BRONZE,1
Taiwan,Artistic Gymnastics,SILVER,1
Canada,Short Track,GOLD,1
Taiwan,Archery,BRONZE,1
Syria,Wrestling,SILVER,1
Syria,Weightlifting,BRONZE,1
Syria,Athletics,GOLD,1
Canada,Taekwondo,BRONZE,1
Canada,Short Track,SILVER,1
Canada,Skeleton,BRONZE,1
Canada,Skeleton,SILVER,1
Mozambique,Athletics,BRONZE,1
Switzerland,Triathlon,SILVER,1
Canada,Synchronized Swimming,SILVER,1
Belgium,Weightlifting,BRONZE,1
Nigeria,Weightlifting,BRONZE,1
Belgium,Water Polo,SILVER,1
Australia,Skateboarding,GOLD,1
Australia,Equestrian,SILVER,1
Lithuania,Weightlifting,BRONZE,1
Lithuania,Wrestling,BRONZE,1
Lithuania,Wrestling,SILVER,1
United States,Ski Jumping,BRONZE,1
Latvia,Wrestling,SILVER,1
Australia,Marathon Swimming,BRONZE,1
United States,Skeleton,BRONZE,1
Australia,Modern Pentathlon,GOLD,1
Australia,Rowing,BRONZE,1
Latvia,Weightlifting,SILVER,1
Australia,Rugby,GOLD,1
United States,Short Track,SILVER,1
Australia,Sailing,SILVER,1
Australia,Shooting,SILVER,1
Australia,Equestrian,BRONZE,1
Lithuania,Swimming,GOLD,1
United States,Sport Climbing,SILVER,1
Australia,Canoe Slalom,GOLD,1
United States,Tug of War,GOLD,1
United States,Triathlon,GOLD,1
Australia,Beach Volleyball,BRONZE,1
Australia,Beach Volleyball,GOLD,1
Australia,Beach Volleyball,SILVER,1
Australia,Boxing,SILVER,1
Australia,Cycling BMX,SILVER,1
United States,Surfing,GOLD,1
Australia,Cycling BMX Freestyle,GOLD,1
United States,Synchronized Swimming,SILVER,1
Lithuania,Rowing,SILVER,1
Lithuania,Sailing,SILVER,1
Australia,Cycling Road,SILVER,1
Lithuania,Shooting,GOLD,1
Australia,Short Track Speed Skating,GOLD,1
Australia,Skeleton,SILVER,1
United States,Water Polo,GOLD,1
Luxembourg,Weightlifting,SILVER,1
United States,Jeu de Paume,GOLD,1
United States,Ice Hockey,SILVER,1
MIX,Fencing,GOLD,1
Australia,Weightlifting,GOLD,1
Australia,Weightlifting,SILVER,1
MIX,Football,BRONZE,1
Australia,Wrestling,SILVER,1
Austria,Athletics,GOLD,1
MIX,Gymnastics Artistic,GOLD,1
MIX,Polo,GOLD,1
United States,Football,SILVER,1
Austria,Canoe Slalom,BRONZE,1
Austria,Canoe Slalom,SILVER,1
Austria,Canoe Sprint,BRONZE,1
Austria,Canoe Sprint,GOLD,1
MIX,Cricket,SILVER,1
Australia,Triathlon,GOLD,1
MIX,Athletics,SILVER,1
Australia,Taekwondo,SILVER,1
Australia,Snowboard,GOLD,1
Australia,Surfing,BRONZE,1
Australia,Taekwondo,GOLD,1
United States,Roque,SILVER,1
United States,Roque,GOLD,1
United States,Roque,BRONZE,1
United States,Nordic Combined,GOLD,1
United States,Karate,BRONZE,1
MIX,Athletics,GOLD,1
Australia,Trampoline,SILVER,1
United States,Marathon Swimming,SILVER,1
United States,Luge,SILVER,1
United States,Luge,BRONZE,1
United States,Lacrosse,SILVER,1
United States,Tug of War,SILVER,1
Australia,Basketball,BRONZE,1
Austria,Cross Country Skiing,GOLD,1
Argentina,Swimming,SILVER,1
Yugoslavia,Canoe Sprint,SILVER,1
Yugoslavia,Canoe Sprint,GOLD,1
Yugoslavia,Canoe Sprint,BRONZE,1
Argentina,Rowing,SILVER,1
Argentina,Rugby Sevens,BRONZE,1
Lithuania,Boxing,BRONZE,1
Yugoslavia,Basketball,SILVER,1
Argentina,Sailing,GOLD,1
Argentina,Shooting,SILVER,1
Argentina,Swimming,BRONZE,1
Vietnam,Weightlifting,SILVER,1
Vietnam,Taekwondo,SILVER,1
Vietnam,Shooting,SILVER,1
Vietnam,Shooting,GOLD,1
Argentina,Swimming,GOLD,1
Argentina,Rowing,BRONZE,1
Argentina,Judo,GOLD,1
Argentina,Judo,BRONZE,1
Algeria,Judo,SILVER,1
Algeria,Boxing,GOLD,1
Zimbabwe,Swimming,BRONZE,1
Zimbabwe,Hockey,GOLD,1
Zambia,Boxing,BRONZE,1
Zambia,Athletics,SILVER,1
Algeria,Judo,BRONZE,1
Yugoslavia,Water Polo,GOLD,1
Lithuania,Athletics,SILVER,1
Yugoslavia,Swimming,SILVER,1
Yugoslavia,Swimming,GOLD,1
Yugoslavia,Ski Jumping,BRONZE,1
Argentina,Equestrian Eventing,SILVER,1
Yugoslavia,Shooting,BRONZE,1
Yugoslavia,Rowing,BRONZE,1
Venezuela,Weightlifting,BRONZE,1
Venezuela,Swimming,BRONZE,1
Australia,Archery,GOLD,1
Venezuela,Shooting,BRONZE,1
Uzbekistan,Freestyle Skiing,GOLD,1
Lithuania,Modern Pentathlon,GOLD,1
Australasia,Athletics,BRONZE,1
Australasia,Boxing,SILVER,1
Uruguay,Rowing,SILVER,1
Uruguay,Rowing,BRONZE,1
Uruguay,Football,GOLD,1
Uruguay,Cycling Track,SILVER,1
Uruguay,Boxing,BRONZE,1
Uruguay,Basketball,BRONZE,1
United States Virgin Islands,Sailing,SILVER,1
Lebanon,Weightlifting,SILVER,1
Australasia,Tennis,BRONZE,1
Australia,Alpine Skiing,BRONZE,1
Australia,Archery,BRONZE,1
Uzbekistan,Gymnastics Artistic,BRONZE,1
Lithuania,Modern Pentathlon,BRONZE,1
Lithuania,Cycling Road,BRONZE,1
Venezuela,Athletics,SILVER,1
Venezuela,Fencing,GOLD,1
Venezuela,Cycling BMX Freestyle,SILVER,1
Venezuela,Cycling BMX,BRONZE,1
Argentina,Taekwondo,GOLD,1
Venezuela,Boxing,GOLD,1
Argentina,Tennis,BRONZE,1
Venezuela,Athletics,GOLD,1
Uzbekistan,Taekwondo,GOLD,1
Venezuela,Athletics,BRONZE,1
Lithuania,Canoe Sprint,BRONZE,1
Argentina,Weightlifting,BRONZE,1
Argentina,Weightlifting,SILVER,1
Armenia,Artistic Gymnastics,BRONZE,1
Uzbekistan,Trampoline,BRONZE,1
Austria,Canoe Sprint,SILVER,1
MIX,Polo,SILVER,1
Belgium,Tennis,GOLD,1
United Kingdom,Freestyle Skiing,BRONZE,1
Belgium,Bobsleigh,BRONZE,1
Mexico,Cycling Track,SILVER,1
Belgium,Boxing,GOLD,1
United Kingdom,Marathon Swimming,BRONZE,1
Belgium,Boxing,SILVER,1
Belgium,Cycling Mountain Bike,SILVER,1
United Kingdom,Jeu de Paume,SILVER,1
United Kingdom,Jeu de Paume,BRONZE,1
United Kingdom,Hockey,SILVER,1
United Kingdom,Hockey,GOLD,1
Belgium,Equestrian,BRONZE,1
Belgium,Equestrian  Vaulting,BRONZE,1
Belgium,Equestrian  Vaulting,GOLD,1
United Kingdom,Golf,SILVER,1
United Kingdom,Golf,GOLD,1
Belgium,Artistic Gymnastics,GOLD,1
United Kingdom,Polo,GOLD,1
Belarus,Weightlifting,GOLD,1
Belarus,Shooting,GOLD,1
Belarus,Rhythmic Gymnastics,BRONZE,1
United Kingdom,Skateboarding,BRONZE,1
United Kingdom,Short Track Speed Skating,BRONZE,1
Belarus,Rowing,BRONZE,1
Latvia,Cycling Road,BRONZE,1
Belarus,Rowing,SILVER,1
Belarus,Speed skating,SILVER,1
Belarus,Trampoline Gymnastics,GOLD,1
Belarus,Swimming,BRONZE,1
Mexico,Cycling Track,BRONZE,1
Belarus,Tennis,BRONZE,1
Belarus,Trampoline,GOLD,1
United Kingdom,Rackets,SILVER,1
United Kingdom,Rackets,GOLD,1
United Kingdom,Golf,BRONZE,1
United Kingdom,Football,GOLD,1
United Kingdom,Skeleton,SILVER,1
Mexico,Diving,GOLD,1
Belgium,Speed skating,BRONZE,1
Belgium,Speed skating,GOLD,1
Belgium,Speed skating,SILVER,1
Mexico,Fencing,SILVER,1
Belgium,Swimming,GOLD,1
United Kingdom,Cycling Mountain Bike,GOLD,1
United Kingdom,Cycling BMX Racing,SILVER,1
United Kingdom,Cycling BMX Racing,GOLD,1
United Kingdom,Cycling BMX Freestyle,GOLD,1
United Kingdom,Cycling BMX Freestyle,BRONZE,1
United Kingdom,Curling,SILVER,1
Costa Rica,Swimming,GOLD,1
United Kingdom,Cricket,GOLD,1
Mexico,Football,GOLD,1
Belgium,Tennis,BRONZE,1
Belgium,Short Track Speed Skating,BRONZE,1
Belgium,Shooting,GOLD,1
Mexico,Equestrian Jumping,SILVER,1
Belgium,Hockey,GOLD,1
Belgium,Equestrian Jumping,SILVER,1
Latvia,Bobsleigh,GOLD,1
Mexico,Equestrian Jumping,BRONZE,1
United Kingdom,Fencing,GOLD,1
Belgium,Figure skating,BRONZE,1
United Kingdom,Equestrian Jumping,GOLD,1
Belgium,Hockey,SILVER,1
United Kingdom,Equestrian,BRONZE,1
Mexico,Equestrian Jumping,GOLD,1
Belgium,Judo,SILVER,1
Belgium,Rowing,BRONZE,1
United Kingdom,Equestrian Dressage,BRONZE,1
United Kingdom,Equestrian,SILVER,1
United Kingdom,Equestrian,GOLD,1
Latvia,Gymnastics Artistic,GOLD,1
Belarus,Judo,GOLD,1
Austria,Cycling Road,GOLD,1
United States,Beach Volleyball,BRONZE,1
Austria,Shooting,GOLD,1
United States,Curling,GOLD,1
MIX,Tennis,SILVER,1
United States,Cross Country Skiing,BRONZE,1
Austria,Skeleton,SILVER,1
MIX,Tug of War,BRONZE,1
Austria,Speed skating,GOLD,1
MIX,Tug of War,SILVER,1
United States,Canoe Marathon,SILVER,1
Austria,Sport Climbing,BRONZE,1
Austria,Swimming,GOLD,1
Austria,Triathlon,GOLD,1
MIX,Water Polo,BRONZE,1
United States,Bobsleigh,GOLD,1
United States,Beach Volleyball,SILVER,1
United States,Cycling BMX,GOLD,1
Austria,Sailing,GOLD,1
United States,Cycling BMX Freestyle,SILVER,1
Austria,Freestyle Skiing,SILVER,1
MIX,Rowing,GOLD,1
Austria,Cycling Track,GOLD,1
Austria,Equestrian Dressage,BRONZE,1
Austria,Equestrian Dressage,GOLD,1
Austria,Fencing,GOLD,1
United States,Equestrian Dressage,BRONZE,1
Austria,Gymnastics Artistic,GOLD,1
Austria,Rowing,SILVER,1
Austria,Gymnastics Artistic,SILVER,1
MIX,Rugby,GOLD,1
MIX,Sailing,GOLD,1
Austria,Karate,BRONZE,1
MIX,Tennis,GOLD,1
Austria,Rowing,BRONZE,1
United States,Beach Volleyball,GOLD,1
MIX,Water Polo,GOLD,1
Belarus,Judo,BRONZE,1
Azerbaijan,Boxing,SILVER,1
United Kingdom,Tug of War,GOLD,1
United Kingdom,Tug of War,BRONZE,1
Malaysia,Diving,SILVER,1
Mauritius,Boxing,BRONZE,1
Barbados,Athletics,BRONZE,1
United Kingdom,Trampoline Gymnastics,BRONZE,1
United Kingdom,Trampoline,SILVER,1
Mexico,Archery,BRONZE,1
Belarus,Canoe Sprint,BRONZE,1
Mexico,Archery,SILVER,1
Belarus,Cycling Track,BRONZE,1
Latvia,Luge,SILVER,1
Latvia,Judo,BRONZE,1
Belarus,Gymnastics Rhythmic,BRONZE,1
Latvia,Gymnastics Artistic,SILVER,1
United Kingdom,Tug of War,SILVER,1
United Kingdom,Water Motorsports,GOLD,1
Bahamas,Sailing,GOLD,1
Malaysia,Cycling Track,BRONZE,1
Azerbaijan,Canoe Sprint,BRONZE,1
United States,Artistic Gymnastics,SILVER,1
Azerbaijan,Canoe Sprint,SILVER,1
Latvia,Shooting,SILVER,1
Azerbaijan,Judo,GOLD,1
Latvia,Modern Pentathlon,SILVER,1
Malaysia,Cycling Track,SILVER,1
United Kingdom,Weightlifting,GOLD,1
Azerbaijan,Shooting,GOLD,1
Malaysia,Diving,BRONZE,1
Azerbaijan,Taekwondo,GOLD,1
Azerbaijan,Weightlifting,BRONZE,1
Bahamas,Athletics,SILVER,1
Bahamas,Sailing,BRONZE,1
United Kingdom,Curling,GOLD,1
Sweden,Freestyle Skiing,SILVER,1
Sweden,Gymnastics Artistic,SILVER,1
Romania,Rowing,SILVER,1
Romania,Rowing,BRONZE,1
Greece,Cycling Road,GOLD,1
Romania,Judo,GOLD,1
New Zealand,Rugby,SILVER,1
Romania,Gymnastics Rhythmic,SILVER,1
New Zealand,Rugby Sevens,SILVER,1
Greece,Fencing,SILVER,1
Japan,Alpine Skiing,SILVER,1
Greece,Judo,BRONZE,1
Greece,Judo,GOLD,1
Greece,Marathon Swimming,SILVER,1
Romania,Equestrian Jumping,SILVER,1
Greece,Rowing,GOLD,1
Greece,Rowing,SILVER,1
Greece,Sailing,BRONZE,1
Greece,Artistic Gymnastics,BRONZE,1
Ghana,Football,BRONZE,1
Sweden,Gymnastics Artistic,GOLD,1
Ghana,Boxing,SILVER,1
Germany,Rugby,SILVER,1
Germany,Skeleton,BRONZE,1
Russia,Archery,GOLD,1
New Zealand,Golf,SILVER,1
Russia,Alpine Skiing,SILVER,1
Russia,Alpine Skiing,BRONZE,1
Germany,Snowboard,GOLD,1
Germany,Taekwondo,BRONZE,1
Germany,Taekwondo,SILVER,1
Germany,Tennis,BRONZE,1
Romania,Tennis,SILVER,1
Germany,Trampoline,BRONZE,1
Germany,Trampoline,GOLD,1
Germany,Triathlon,GOLD,1
Germany,Triathlon,SILVER,1
Romania,Canoe Marathon,GOLD,1
Jamaica,Cycling Track,BRONZE,1
Romania,Boxing,GOLD,1
New Zealand,Sailing,SILVER,1
Portugal,Shooting,SILVER,1
Greece,Wrestling,GOLD,1
Grenada,Athletics,BRONZE,1
Grenada,Athletics,GOLD,1
Portugal,Cycling Road,SILVER,1
Portugal,Canoe Sprint,SILVER,1
Portugal,Canoe Sprint,BRONZE,1
Grenada,Athletics,SILVER,1
Guatemala,Athletics,SILVER,1
Guyana,Boxing,BRONZE,1
Haiti,Athletics,SILVER,1
Haiti,Shooting,BRONZE,1
New Zealand,Shooting,SILVER,1
Hong Kong,Fencing,GOLD,1
Hong Kong,Karate,BRONZE,1
Portugal,Triathlon,SILVER,1
Puerto Rico,Athletics,BRONZE,1
Puerto Rico,Athletics,GOLD,1
Qatar,Shooting,BRONZE,1
Romania,Bobsleigh,BRONZE,1
Greece,Swimming,GOLD,1
Greece,Taekwondo,GOLD,1
Greece,Tennis,BRONZE,1
Qatar,Weightlifting,GOLD,1
Qatar,Weightlifting,BRONZE,1
Qatar,Beach Volleyball,BRONZE,1
Greece,Water Polo,SILVER,1
New Zealand,Shooting,BRONZE,1
Qatar,Athletics,GOLD,1
Qatar,Athletics,BRONZE,1
Puerto Rico,Wrestling,SILVER,1
Puerto Rico,Tennis,GOLD,1
Puerto Rico,Boxing,SILVER,1
New Zealand,Golf,BRONZE,1
Germany,Modern Pentathlon,BRONZE,1
Germany,Marathon Swimming,SILVER,1
Japan,Badminton,SILVER,1
Russia,Marathon Swimming,GOLD,1
New Zealand,Canoe Sprint,SILVER,1
Russia,Luge,GOLD,1
France,Equestrian Jumping,SILVER,1
New Zealand,Cycling BMX,SILVER,1
Japan,Canoe Slalom,BRONZE,1
France,Football,SILVER,1
Russia,Ice Hockey,GOLD,1
France,Handball,GOLD,1
France,Karate,GOLD,1
France,Marathon Swimming,BRONZE,1
France,Modern Pentathlon,SILVER,1
New Zealand,Cycling Track,GOLD,1
France,Nordic Combined,SILVER,1
Russia,Freestyle Skiing,SILVER,1
Japan,Curling,BRONZE,1
France,Equestrian Eventing,BRONZE,1
France,Equestrian Dressage,GOLD,1
France,Cycling BMX,GOLD,1
New Zealand,Boxing,GOLD,1
New Zealand,Boxing,SILVER,1
Russia,Short Track,BRONZE,1
New Zealand,Canoe Slalom,SILVER,1
France,Cross Country Skiing,BRONZE,1
France,Cross Country Skiing,SILVER,1
France,Cycling BMX,SILVER,1
Japan,Curling,SILVER,1
France,Cycling Mountain Bike,BRONZE,1
France,Cycling Mountain Bike,SILVER,1
France,Diving,SILVER,1
France,Equestrian  Vaulting,SILVER,1
Russia,Rhythmic Gymnastics,SILVER,1
Russia,Nordic Combined,SILVER,1
France,Rowing,BRONZE,1
France,Ski Jumping,BRONZE,1
Germany,Marathon Swimming,GOLD,1
France,Table Tennis,BRONZE,1
Germany,Cycling Mountain Bike,GOLD,1
Germany,Cycling Mountain Bike,SILVER,1
New Zealand,Equestrian Eventing,SILVER,1
Germany,Equestrian,SILVER,1
New Zealand,Freestyle Skiing,BRONZE,1
Russia,Canoe Marathon,BRONZE,1
New Zealand,Freestyle Skiing,GOLD,1
Germany,Freestyle Skiing,BRONZE,1
Germany,Freestyle Skiing,SILVER,1
Russia,Bobsleigh,SILVER,1
Russia,Bobsleigh,BRONZE,1
Germany,Gymnastics Rhythmic,BRONZE,1
Germany,Hockey,SILVER,1
Germany,Marathon Swimming,BRONZE,1
Russia,Beach Volleyball,SILVER,1
Russia,Cycling Mountain Bike,BRONZE,1
Germany,Cycling Mountain Bike,BRONZE,1
Germany,Cross Country Skiing,GOLD,1
Gabon,Taekwondo,SILVER,1
France,Table Tennis,SILVER,1
France,Water Motorsports,GOLD,1
France,Water Polo,BRONZE,1
Russia,Equestrian Jumping,SILVER,1
Russia,Equestrian Eventing,SILVER,1
Russia,Equestrian Eventing,BRONZE,1
Georgia,Boxing,BRONZE,1
Russia,Cycling Road,SILVER,1
Georgia,Shooting,BRONZE,1
Georgia,Weightlifting,SILVER,1
Germany,Archery,SILVER,1
Germany,Artistic Gymnastics,SILVER,1
Germany,Bobsleigh,BRONZE,1
Germany,Canoe Marathon,BRONZE,1
Hong Kong,Sailing,GOLD,1
New Zealand,Snowboard,BRONZE,1
Poland,Swimming,GOLD,1
Norway,Canoe Marathon,BRONZE,1
Israel,Taekwondo,BRONZE,1
Norway,Figure skating,SILVER,1
Italy,Archery,GOLD,1
Norway,Figure skating,BRONZE,1
Norway,Fencing,SILVER,1
Norway,Cycling Track,GOLD,1
Italy,Archery,SILVER,1
Norway,Cycling Mountain Bike,GOLD,1
Norway,Curling,SILVER,1
Norway,Curling,BRONZE,1
Italy,Artistic Gymnastics,SILVER,1
Italy,Beach Volleyball,SILVER,1
Italy,Biathlon,SILVER,1
Italy,Bobsleigh,BRONZE,1
Italy,Bobsleigh,GOLD,1
Israel,Sailing,GOLD,1
Niger,Taekwondo,SILVER,1
Israel,Rhythmic Gymnastics,GOLD,1
Ireland,Rowing,BRONZE,1
Norway,Snowboard,BRONZE,1
Iran,Taekwondo,SILVER,1
Iraq,Weightlifting,BRONZE,1
Ireland,Athletics,BRONZE,1
Niger,Boxing,BRONZE,1
Ireland,Equestrian Jumping,BRONZE,1
Ireland,Rowing,GOLD,1
Israel,Judo,SILVER,1
Ireland,Rowing,SILVER,1
Ireland,Sailing,SILVER,1
Norway,Rowing,SILVER,1
Ireland,Swimming,BRONZE,1
Israel,Artistic Gymnastics,GOLD,1
Israel,Canoe Sprint,BRONZE,1
Norway,Canoe Sprint,BRONZE,1
Italy,Canoe Slalom,BRONZE,1
Iran,Shooting,GOLD,1
Norway,Boxing,GOLD,1
North Korea,Volleyball,BRONZE,1
North Korea,Table Tennis,SILVER,1
Italy,Modern Pentathlon,SILVER,1
North Korea,Speed skating,SILVER,1
North Korea,Short Track Speed Skating,BRONZE,1
North Korea,Shooting,GOLD,1
Italy,Nordic Combined,BRONZE,1
Italy,Rowing,BRONZE,1
Italy,Short Track,BRONZE,1
Italy,Short Track,GOLD,1
Italy,Short Track,SILVER,1
Italy,Short Track Speed Skating,GOLD,1
Italy,Skeleton,GOLD,1
Nigeria,Taekwondo,BRONZE,1
Nigeria,Wrestling,SILVER,1
Italy,Modern Pentathlon,GOLD,1
Nigeria,Football,BRONZE,1
Italy,Marathon Swimming,SILVER,1
Italy,Speed skating,GOLD,1
Italy,Taekwondo,BRONZE,1
Italy,Canoe Sprint,BRONZE,1
Italy,Speed skating,SILVER,1
Italy,Curling,GOLD,1
Norway,Beach Volleyball,GOLD,1
Italy,Cycling Mountain Bike,BRONZE,1
Italy,Equestrian Eventing,BRONZE,1
Italy,Snowboard,GOLD,1
Italy,Equestrian Eventing,SILVER,1
Italy,Figure skating,BRONZE,1
North Macedonia,Wrestling,BRONZE,1
North Macedonia,Taekwondo,SILVER,1
Italy,Karate,BRONZE,1
Italy,Karate,GOLD,1
New Zealand,Triathlon,SILVER,1
Iran,Karate,GOLD,1
Hong Kong,Table Tennis,BRONZE,1
Iceland,Judo,BRONZE,1
Hungary,Short Track,GOLD,1
Poland,Gymnastics Artistic,SILVER,1
Poland,Gymnastics Artistic,GOLD,1
Poland,Gymnastics Artistic,BRONZE,1
Italy,Tennis,BRONZE,1
Hungary,Short Track Speed Skating,GOLD,1
Hungary,Tennis,BRONZE,1
Poland,Equestrian Jumping,GOLD,1
Poland,Equestrian Jumping,BRONZE,1
Poland,Cycling Track,BRONZE,1
Poland,Cycling Road,SILVER,1
Italy,Taekwondo,SILVER,1
Iceland,Athletics,BRONZE,1
Poland,Cross Country Skiing,SILVER,1
Iceland,Athletics,SILVER,1
Hungary,Sailing,SILVER,1
Hungary,Rowing,BRONZE,1
Poland,Modern Pentathlon,BRONZE,1
Hungary,Figure skating,BRONZE,1
Hong Kong,Table Tennis,SILVER,1
Poland,Speed skating,GOLD,1
Poland,Speed skating,BRONZE,1
New Zealand,Snowboard,GOLD,1
New Zealand,Snowboard,SILVER,1
Hungary,Equestrian Jumping,BRONZE,1
Hungary,Figure skating,SILVER,1
Hungary,Marathon Swimming,SILVER,1
Hungary,Judo,GOLD,1
Poland,Sailing,GOLD,1
Hungary,Karate,BRONZE,1
Poland,Rowing,GOLD,1
Hungary,Marathon Swimming,GOLD,1
Poland,Nordic Combined,BRONZE,1
Iceland,Handball,SILVER,1
Independent Olympic Athletes,Shooting,GOLD,1
Iran,Athletics,SILVER,1
Poland,Canoe Slalom,SILVER,1
India,Tennis,BRONZE,1
Pakistan,Wrestling,BRONZE,1
Pakistan,Hockey,SILVER,1
Pakistan,Hockey,GOLD,1
Pakistan,Hockey,BRONZE,1
Pakistan,Boxing,BRONZE,1
India,Weightlifting,BRONZE,1
India,Weightlifting,SILVER,1
New Zealand,Triathlon,GOLD,1
Norway,Weightlifting,GOLD,1
Norway,Triathlon,GOLD,1
Norway,Tennis,BRONZE,1
Indonesia,Archery,SILVER,1
Norway,Swimming,SILVER,1
Norway,Swimming,BRONZE,1
Panama,Athletics,GOLD,1
Paraguay,Football,SILVER,1
Peru,Shooting,GOLD,1
New Zealand,Trampoline Gymnastics,BRONZE,1
Independent Olympic Athletes,Shooting,SILVER,1
India,Athletics,GOLD,1
New Zealand,Swimming,SILVER,1
Poland,Biathlon,SILVER,1
New Zealand,Tennis,BRONZE,1
India,Badminton,SILVER,1
Poland,Archery,SILVER,1
Peru,Volleyball,SILVER,1
Philippines,Weightlifting,SILVER,1
Philippines,Weightlifting,GOLD,1
India,Hockey,GOLD,1
India,Hockey,SILVER,1
India,Shooting,BRONZE,1
India,Shooting,GOLD,1
Japan,Cycling Track,SILVER,1
Finland,Weightlifting,GOLD,1
Russia,Skeleton,GOLD,1
Spain,Artistic Gymnastics,SILVER,1
Spain,Cycling Mountain Bike,SILVER,1
Czechia,Diving,SILVER,1
Czechia,Equestrian Jumping,GOLD,1
Czechia,Figure skating,GOLD,1
Czechia,Figure skating,SILVER,1
Spain,Canoe Slalom,SILVER,1
Spain,Canoe Slalom,GOLD,1
Spain,Canoe Slalom,BRONZE,1
Czechia,Football,GOLD,1
Czechia,Freestyle Skiing,GOLD,1
Spain,Basketball,SILVER,1
Spain,Basketball,BRONZE,1
Spain,Badminton,GOLD,1
Czechia,Ice Hockey,BRONZE,1
Lebanon,Wrestling,SILVER,1
Czechia,Diving,GOLD,1
Spain,Cycling Road,SILVER,1
Czechia,Cycling Track,SILVER,1
Spain,Gymnastics Rhythmic,SILVER,1
Spain,Karate,SILVER,1
Spain,Karate,GOLD,1
Spain,Judo,SILVER,1
Japan,Tennis,BRONZE,1
Czechia,Cross Country Skiing,GOLD,1
Spain,Handball,BRONZE,1
Spain,Gymnastics Artistic,SILVER,1
Japan,Taekwondo,BRONZE,1
Czechia,Cycling Mountain Bike,GOLD,1
Spain,Gymnastics Artistic,BRONZE,1
Spain,Figure skating,BRONZE,1
Spain,Fencing,BRONZE,1
Spain,Equestrian Dressage,BRONZE,1
Czechia,Cycling Mountain Bike,SILVER,1
Czechia,Judo,BRONZE,1
Spain,Alpine Skiing,GOLD,1
Czechia,Canoe Slalom,BRONZE,1
Spain,Alpine Skiing,BRONZE,1
Denmark,Badminton,SILVER,1
Denmark,Boxing,GOLD,1
Netherlands,Rowing,SILVER,1
South Korea,Short Track,SILVER,1
Denmark,Cycling Road,GOLD,1
Japan,Snowboard,GOLD,1
Denmark,Diving,BRONZE,1
Denmark,Diving,GOLD,1
South Korea,Shooting,BRONZE,1
South Korea,Modern Pentathlon,BRONZE,1
Japan,Skateboarding,SILVER,1
Denmark,Equestrian Eventing,BRONZE,1
Denmark,Equestrian Eventing,SILVER,1
Denmark,Fencing,GOLD,1
South Korea,Gymnastics Artistic,GOLD,1
South Korea,Skeleton,GOLD,1
South Korea,Snowboard,SILVER,1
Japan,Sport Climbing,BRONZE,1
Japan,Surfing,SILVER,1
Japan,Table Tennis,GOLD,1
Czechia,Modern Pentathlon,GOLD,1
Czechia,Rowing,BRONZE,1
Czechia,Rowing,GOLD,1
Czechia,Sailing,SILVER,1
Czechia,Ski Jumping,GOLD,1
Czechia,Snowboard,BRONZE,1
Czechia,Wrestling,GOLD,1
South Korea,Table Tennis,SILVER,1
Japan,Surfing,BRONZE,1
Netherlands,Marathon Swimming,SILVER,1
Czechia,Triathlon,BRONZE,1
South Korea,Swimming,GOLD,1
Japan,Sport Climbing,SILVER,1
Netherlands,Figure skating,GOLD,1
Czechia,Canoe Marathon,GOLD,1
South Korea,Golf,GOLD,1
Sweden,Canoe Sprint,BRONZE,1
Netherlands,Equestrian,BRONZE,1
Sweden,Equestrian,SILVER,1
Croatia,Rowing,SILVER,1
Netherlands,Equestrian Dressage,BRONZE,1
Croatia,Shooting,BRONZE,1
Jordan,Taekwondo,GOLD,1
Croatia,Swimming,SILVER,1
Croatia,Taekwondo,GOLD,1
Sweden,Cycling Mountain Bike,GOLD,1
Sweden,Curling,GOLD,1
Croatia,Tennis,BRONZE,1
Croatia,Tennis,GOLD,1
Croatia,Tennis,SILVER,1
Croatia,Water Polo,SILVER,1
Croatia,Weightlifting,BRONZE,1
Croatia,Rowing,BRONZE,1
Croatia,Handball,BRONZE,1
Croatia,Gymnastics Artistic,SILVER,1
Cote d'Ivoire,Taekwondo,GOLD,1
Sweden,Gymnastics Artistic,BRONZE,1
Sweden,Golf,SILVER,1
Nigeria,Weightlifting,SILVER,1
Costa Rica,Swimming,SILVER,1
Cote d'Ivoire,Athletics,SILVER,1
Jordan,Taekwondo,SILVER,1
Croatia,Artistic Gymnastics,SILVER,1
Croatia,Boxing,BRONZE,1
Sweden,Fencing,SILVER,1
Sweden,Fencing,GOLD,1
Sweden,Fencing,BRONZE,1
Croatia,Athletics,BRONZE,1
Croatia,Athletics,SILVER,1
Croatia,Biathlon,BRONZE,1
Croatia,Weightlifting,GOLD,1
Cuba,Baseball,GOLD,1
Spain,Shooting,BRONZE,1
Cuba,Baseball,SILVER,1
Spain,Triathlon,SILVER,1
Cuba,Volleyball,BRONZE,1
Netherlands,Equestrian Eventing,SILVER,1
Cuba,Weightlifting,SILVER,1
Cyprus,Sailing,SILVER,1
Spain,Taekwondo,GOLD,1
Spain,Taekwondo,BRONZE,1
Netherlands,Equestrian Jumping,GOLD,1
Czechia,Alpine Skiing,GOLD,1
Japan,Tennis,SILVER,1
Spain,Sport Climbing,GOLD,1
Spain,Snowboard,SILVER,1
Spain,Snowboard,BRONZE,1
Netherlands,Fencing,BRONZE,1
Spain,Shooting,GOLD,1
Spain,Weightlifting,BRONZE,1
Spain,Weightlifting,GOLD,1
Spain,Weightlifting,SILVER,1
Cuba,Shooting,GOLD,1
Cuba,Canoe Sprint,GOLD,1
Cuba,Canoe Sprint,SILVER,1
Cuba,Cycling Track,SILVER,1
Cuba,Fencing,BRONZE,1
Jordan,Karate,BRONZE,1
Cuba,Sailing,SILVER,1
Cuba,Shooting,SILVER,1
Spain,Wrestling,BRONZE,1
Cuba,Swimming,BRONZE,1
Cuba,Swimming,SILVER,1
Cuba,Taekwondo,GOLD,1
Suriname,Swimming,GOLD,1
Suriname,Swimming,BRONZE,1
Sudan,Athletics,SILVER,1
Japan,Skateboarding,BRONZE,1
South Korea,Football,BRONZE,1
Russia,Skeleton,SILVER,1
Serbia,Basketball,SILVER,1
Serbia and Montenegro,Volleyball,GOLD,1
Fiji,Rugby,GOLD,1
Serbia and Montenegro,Shooting,GOLD,1
Serbia and Montenegro,Shooting,BRONZE,1
Serbia,Wrestling,GOLD,1
Serbia,Wrestling,BRONZE,1
Fiji,Rugby Sevens,BRONZE,1
Serbia,Volleyball,BRONZE,1
Serbia,Tennis,BRONZE,1
Serbia,Taekwondo,SILVER,1
Fiji,Rugby Sevens,GOLD,1
Serbia,Taekwondo,BRONZE,1
Serbia,Swimming,SILVER,1
Finland,Alpine Skiing,SILVER,1
Japan,Nordic Combined,BRONZE,1
Serbia and Montenegro,Water Polo,BRONZE,1
Serbia and Montenegro,Water Polo,SILVER,1
Singapore,Swimming,GOLD,1
Netherlands,Snowboard,GOLD,1
Slovakia,Judo,SILVER,1
Slovakia,Ice Hockey,BRONZE,1
Slovakia,Golf,SILVER,1
Estonia,Fencing,GOLD,1
Estonia,Freestyle Skiing,BRONZE,1
Estonia,Rowing,BRONZE,1
Estonia,Sailing,BRONZE,1
Japan,Shooting,GOLD,1
Estonia,Weightlifting,GOLD,1
Slovakia,Biathlon,BRONZE,1
Slovakia,Athletics,GOLD,1
Slovakia,Alpine Skiing,GOLD,1
Singapore,Weightlifting,SILVER,1
Singapore,Table Tennis,SILVER,1
Serbia,Karate,GOLD,1
Serbia,Basketball,BRONZE,1
Slovakia,Shooting,GOLD,1
Serbia,Athletics,BRONZE,1
Russia,Tennis,BRONZE,1
Japan,Freestyle Skiing,GOLD,1
Netherlands Antilles,Sailing,SILVER,1
Finland,Ice Hockey,GOLD,1
Finland,Modern Pentathlon,BRONZE,1
Finland,Modern Pentathlon,SILVER,1
Finland,Nordic Combined,BRONZE,1
Finland,Sailing,GOLD,1
New Zealand,Alpine Skiing,SILVER,1
Japan,Fencing,SILVER,1
Japan,Fencing,GOLD,1
Finland,Swimming,SILVER,1
Japan,Equestrian Jumping,GOLD,1
Russia,Ski Jumping,SILVER,1
Russia,Ski Jumping,GOLD,1
Finland,Freestyle Skiing,GOLD,1
Finland,Freestyle Skiing,BRONZE,1
Finland,Canoe Sprint,SILVER,1
San Marino,Shooting,BRONZE,1
Senegal,Athletics,SILVER,1
Saudi Arabia,Karate,SILVER,1
Finland,Archery,GOLD,1
Saudi Arabia,Athletics,SILVER,1
San Marino,Wrestling,BRONZE,1
San Marino,Shooting,SILVER,1
Samoa,Weightlifting,SILVER,1
Japan,Golf,SILVER,1
Japan,Karate,SILVER,1
Japan,Karate,GOLD,1
Japan,Karate,BRONZE,1
Finland,Boxing,SILVER,1
Finland,Canoe Marathon,SILVER,1
Finland,Canoe Sprint,BRONZE,1
Estonia,Fencing,BRONZE,1
Estonia,Cycling Track,GOLD,1
South Korea,Figure skating,SILVER,1
Ecuador,Athletics,GOLD,1
South Africa,Triathlon,BRONZE,1
South Africa,Tennis,SILVER,1
Dominican Republic,Boxing,BRONZE,1
South Africa,Tennis,BRONZE,1
Dominican Republic,Boxing,GOLD,1
Dominican Republic,Taekwondo,BRONZE,1
Dominican Republic,Taekwondo,SILVER,1
South Africa,Surfing,SILVER,1
South Africa,Rugby,BRONZE,1
South Africa,Rowing,SILVER,1
South Africa,Rowing,GOLD,1
Dominican Republic,Weightlifting,BRONZE,1
South Africa,Cycling Road,SILVER,1
South Africa,Cycling Road,GOLD,1
South Africa,Canoe Sprint,BRONZE,1
Dominican Republic,Baseball/Softball,BRONZE,1
Japan,Short Track Speed Skating,BRONZE,1
Djibouti,Athletics,BRONZE,1
Netherlands,Short Track,GOLD,1
South Korea,Figure skating,GOLD,1
South Korea,Fencing,SILVER,1
Denmark,Handball,GOLD,1
Denmark,Handball,SILVER,1
Denmark,Rowing,GOLD,1
Netherlands,Shooting,SILVER,1
South Korea,Bobsleigh,SILVER,1
South Korea,Artistic Gymnastics,BRONZE,1
Denmark,Tennis,SILVER,1
Denmark,Weightlifting,GOLD,1
Japan,Short Track Speed Skating,GOLD,1
South Korea,Athletics,SILVER,1
South Korea,Athletics,GOLD,1
South Korea,Artistic Gymnastics,GOLD,1
Dominican Republic,Weightlifting,SILVER,1
Ecuador,Athletics,SILVER,1
Slovakia,Snowboard,SILVER,1
Ecuador,Cycling Road,GOLD,1
Egypt,Modern Pentathlon,SILVER,1
Slovenia,Cycling Road,GOLD,1
Slovenia,Cycling Road,BRONZE,1
Eritrea,Athletics,BRONZE,1
Slovenia,Canoe Slalom,GOLD,1
Slovenia,Biathlon,SILVER,1
Slovenia,Biathlon,BRONZE,1
Netherlands,Short Track Speed Skating,SILVER,1
Slovenia,Athletics,GOLD,1
Slovenia,Athletics,BRONZE,1
Estonia,Athletics,SILVER,1
Estonia,Boxing,SILVER,1
Estonia,Cross Country Skiing,BRONZE,1
Slovakia,Wrestling,SILVER,1
Netherlands,Skeleton,BRONZE,1
Egypt,Karate,GOLD,1
Slovenia,Judo,SILVER,1
Slovenia,Rowing,BRONZE,1
Egypt,Diving,SILVER,1
Ecuador,Weightlifting,GOLD,1
Ecuador,Weightlifting,SILVER,1
Slovenia,Swimming,SILVER,1
Slovenia,Sport Climbing,GOLD,1
Egypt,Boxing,SILVER,1
Egypt,Diving,BRONZE,1
Egypt,Fencing,SILVER,1
Slovenia,Rowing,GOLD,1
Egypt,Judo,BRONZE,1
Slovenia,Shooting,GOLD,1
Egypt,Judo,SILVER,1
Egypt,Karate,BRONZE,1
Slovenia,Sailing,BRONZE,1
Slovenia,Rowing,SILVER,1
Czechia,Ice Hockey,GOLD,1
